Date,Close,Volume
01-02-15,46.76,27913852
01-05-15,46.33,39673865
01-06-15,45.65,36447854
01-07-15,46.23,29114061
01-08-15,47.59,29645202
01-09-15,47.19,23944181
01-12-15,46.6,23651887
1/13/2015 16:00:00,46.36,35270601
1/14/2015 16:00:00,45.96,29719580
1/15/2015 16:00:00,45.48,32750779
1/16/2015 16:00:00,46.24,35695289
1/20/2015 16:00:00,46.39,36161860
1/21/2015 16:00:00,45.92,39081143
1/22/2015 16:00:00,47.13,35898035
1/23/2015 16:00:00,47.18,26211594
1/26/2015 16:00:00,47.01,42525530
1/27/2015 16:00:00,42.66,169163953
1/28/2015 16:00:00,41.19,84507078
1/29/2015 16:00:00,42.01,63585273
1/30/2015 16:00:00,40.4,78004944
02-02-15,41.28,50352532
02-03-15,41.6,52082448
02-04-15,41.84,41614812
02-05-15,42.45,36548168
02-06-15,42.41,34616554
02-09-15,42.36,31381061
02-10-15,42.6,29670676
02-11-15,42.38,38262509
02-12-15,43.09,33268831
2/13/2015 16:00:00,43.87,40264887
2/17/2015 16:00:00,43.58,33695749
2/18/2015 16:00:00,43.53,27111657
2/19/2015 16:00:00,43.5,27603420
2/20/2015 16:00:00,43.86,29721133
2/23/2015 16:00:00,44.15,32518754
2/24/2015 16:00:00,44.09,25271747
2/25/2015 16:00:00,43.99,29759820
2/26/2015 16:00:00,44.06,28957329
2/27/2015 16:00:00,43.85,33807740
03-02-15,43.88,31924049
03-03-15,43.28,31748648
03-04-15,43.06,25748692
03-05-15,43.11,23193541
03-06-15,42.36,36248785
03-09-15,42.85,32107957
03-10-15,42.03,39159730
03-11-15,41.98,32215314
03-12-15,41.02,59992502
3/13/2015 16:00:00,41.38,58007705
3/16/2015 16:00:00,41.56,35273452
3/17/2015 16:00:00,41.7,31673448
3/18/2015 16:00:00,42.5,44194771
3/19/2015 16:00:00,42.29,33879066
3/20/2015 16:00:00,42.88,71904529
3/23/2015 16:00:00,42.86,26246086
3/24/2015 16:00:00,42.9,25513252
3/25/2015 16:00:00,41.46,43469907
3/26/2015 16:00:00,41.21,37495627
3/27/2015 16:00:00,40.97,34401398
3/30/2015 16:00:00,40.96,35049662
3/31/2015 16:00:00,40.66,34887219
04-01-15,40.72,36865322
04-02-15,40.29,37487476
04-06-15,41.55,39223692
04-07-15,41.53,28809375
04-08-15,41.42,24753438
04-09-15,41.48,25723861
04-10-15,41.72,28022002
4/13/2015 16:00:00,41.76,30276692
4/14/2015 16:00:00,41.65,24244382
4/15/2015 16:00:00,42.26,27343581
4/16/2015 16:00:00,42.16,22509652
4/17/2015 16:00:00,41.62,42387608
4/20/2015 16:00:00,42.91,46057733
4/21/2015 16:00:00,42.64,26013844
4/22/2015 16:00:00,42.99,25064273
4/23/2015 16:00:00,43.34,46309530
4/24/2015 16:00:00,47.87,130933665
4/27/2015 16:00:00,48.03,59248172
4/28/2015 16:00:00,49.16,60730778
4/29/2015 16:00:00,49.06,47804562
4/30/2015 16:00:00,48.64,64725457
05-01-15,48.66,38937336
05-04-15,48.24,34039485
05-05-15,47.6,50369191
05-06-15,46.28,52433020
05-07-15,46.7,32971654
05-08-15,47.75,35364911
05-11-15,47.37,24609416
05-12-15,47.35,29928264
5/13/2015 16:00:00,47.63,34184613
5/14/2015 16:00:00,48.72,32980892
5/15/2015 16:00:00,48.3,28642694
5/18/2015 16:00:00,48.01,24136502
5/19/2015 16:00:00,47.58,28574813
5/20/2015 16:00:00,47.58,25047919
5/21/2015 16:00:00,47.42,22410698
5/22/2015 16:00:00,46.9,25720583
5/26/2015 16:00:00,46.59,29581860
5/27/2015 16:00:00,47.61,27335639
5/28/2015 16:00:00,47.45,19283666
5/29/2015 16:00:00,46.86,36519594
06-01-15,47.23,28837332
06-02-15,46.92,21498326
06-03-15,46.85,28002154
06-04-15,46.36,27745512
06-05-15,46.14,25438086
06-08-15,45.73,22121634
06-09-15,45.65,24406057
06-10-15,46.61,28417405
06-11-15,46.44,27347758
06-12-15,45.97,23930972
6/15/2015 16:00:00,45.48,33254517
6/16/2015 16:00:00,45.83,27070306
6/17/2015 16:00:00,45.97,28704061
6/18/2015 16:00:00,46.72,32658343
6/19/2015 16:00:00,46.1,63837036
6/22/2015 16:00:00,46.23,20318055
6/23/2015 16:00:00,45.91,25896473
6/24/2015 16:00:00,45.64,34890901
6/25/2015 16:00:00,45.65,20615995
6/26/2015 16:00:00,45.26,49835287
6/29/2015 16:00:00,44.37,34081746
6/30/2015 16:00:00,44.15,35945384
07-01-15,44.45,28343907
07-02-15,44.4,21752013
07-06-15,44.39,23033961
07-07-15,44.3,36435827
07-08-15,44.24,39785901
07-09-15,44.52,32424672
07-10-15,44.61,25465757
7/13/2015 16:00:00,45.54,28178329
7/14/2015 16:00:00,45.62,22880260
7/15/2015 16:00:00,45.76,26629615
7/16/2015 16:00:00,46.66,26271673
7/17/2015 16:00:00,46.62,29467107
7/20/2015 16:00:00,46.92,30631905
7/21/2015 16:00:00,47.28,42781899
7/22/2015 16:00:00,45.54,59152427
7/23/2015 16:00:00,46.11,33934010
7/24/2015 16:00:00,45.94,32333244
7/27/2015 16:00:00,45.35,39701420
7/28/2015 16:00:00,45.34,34328948
7/29/2015 16:00:00,46.29,40945864
7/30/2015 16:00:00,46.88,39777883
7/31/2015 16:00:00,46.7,31201480
08-03-15,46.81,24125886
08-04-15,47.54,33403916
08-05-15,47.58,26959655
08-06-15,46.62,27368000
08-07-15,46.74,19163038
08-10-15,47.33,23079870
08-11-15,46.41,29237402
08-12-15,46.74,30198532
8/13/2015 16:00:00,46.73,22627241
8/14/2015 16:00:00,47,21473402
8/17/2015 16:00:00,47.32,21099746
8/18/2015 16:00:00,47.27,23574104
8/19/2015 16:00:00,46.61,31485511
8/20/2015 16:00:00,45.66,36238227
8/21/2015 16:00:00,43.07,70053084
8/24/2015 16:00:00,41.68,88753660
8/25/2015 16:00:00,40.47,70616597
8/26/2015 16:00:00,42.71,63407996
8/27/2015 16:00:00,43.9,50943211
8/28/2015 16:00:00,43.93,28246725
8/31/2015 16:00:00,43.52,34441662
09-01-15,41.82,49688896
09-02-15,43.36,37671518
09-03-15,43.5,28285205
09-04-15,42.61,37138775
09-08-15,43.89,32469766
09-09-15,43.07,33469485
09-10-15,43.29,31366630
09-11-15,43.48,27132527
9/14/2015 16:00:00,43.04,23656048
9/15/2015 16:00:00,43.98,28882206
9/16/2015 16:00:00,44.3,23372162
9/17/2015 16:00:00,44.25,32768161
9/18/2015 16:00:00,43.48,63143684
9/21/2015 16:00:00,44.11,26177224
9/22/2015 16:00:00,43.9,28085903
9/23/2015 16:00:00,43.87,17145238
9/24/2015 16:00:00,43.91,27905607
9/25/2015 16:00:00,43.94,29384601
9/28/2015 16:00:00,43.29,27613785
9/29/2015 16:00:00,43.44,32763557
9/30/2015 16:00:00,44.26,34958880
10-01-15,44.61,28657859
10-02-15,45.57,41839035
10-05-15,46.63,34369286
10-06-15,46.75,27510808
10-07-15,46.8,27711492
10-08-15,47.45,33772709
10-09-15,47.11,28600632
10-12-15,47,19769066
10/13/2015 16:00:00,46.89,19987816
10/14/2015 16:00:00,46.68,24697766
10/15/2015 16:00:00,47.01,27189370
10/16/2015 16:00:00,47.51,26450334
10/19/2015 16:00:00,47.62,29387581
10/20/2015 16:00:00,47.77,30802235
10/21/2015 16:00:00,47.2,25264710
10/22/2015 16:00:00,48.03,56637074
10/23/2015 16:00:00,52.87,135227059
10/26/2015 16:00:00,54.25,64633324
10/27/2015 16:00:00,53.69,50999907
10/28/2015 16:00:00,53.98,47000753
10/29/2015 16:00:00,53.36,30202078
10/30/2015 16:00:00,52.64,46619761
11-02-15,53.24,30284982
11-03-15,54.15,36596931
11-04-15,54.4,37087849
11-05-15,54.38,31468485
11-06-15,54.92,32851204
11-09-15,54.16,32513067
11-10-15,53.51,55283697
11-11-15,53.65,36516260
11-12-15,53.32,35361095
11/13/2015 16:00:00,52.84,36848175
11/16/2015 16:00:00,53.77,32165198
11/17/2015 16:00:00,52.97,31551255
11/18/2015 16:00:00,53.85,29710030
11/19/2015 16:00:00,53.94,28149228
11/20/2015 16:00:00,54.19,37147608
11/23/2015 16:00:00,54.19,28235918
11/24/2015 16:00:00,54.25,24600043
11/25/2015 16:00:00,53.69,21005147
11/27/2015 16:00:00,53.93,9009132
11/30/2015 16:00:00,54.35,56241417
12-01-15,55.22,39952779
12-02-15,55.21,47274879
12-03-15,54.2,38627835
12-04-15,55.91,43963662
12-07-15,55.81,30709765
12-08-15,55.79,32878026
12-09-15,54.98,36373209
12-10-15,55.27,31775826
12-11-15,54.06,39549497
12/14/2015 16:00:00,55.14,47006491
12/15/2015 16:00:00,55.2,39842998
12/16/2015 16:00:00,56.13,37503300
12/17/2015 16:00:00,55.7,41280907
12/18/2015 16:00:00,54.13,84684164
12/21/2015 16:00:00,54.83,37246325
12/22/2015 16:00:00,55.35,28322241
12/23/2015 16:00:00,55.82,27279832
12/24/2015 16:00:00,55.67,9570002
12/28/2015 16:00:00,55.95,22458293
12/29/2015 16:00:00,56.55,27731403
12/30/2015 16:00:00,56.31,21704505
12/31/2015 16:00:00,55.48,27334061
01-04-16,54.8,53777963
01-05-16,55.05,34079674
01-06-16,54.05,39518863
01-07-16,52.17,56564852
01-08-16,52.33,48753969
01-11-16,52.3,36943756
01-12-16,52.78,36095539
1/13/2016 16:00:00,51.64,66883571
1/14/2016 16:00:00,53.11,52381918
1/15/2016 16:00:00,50.99,71820697
1/19/2016 16:00:00,50.56,43564538
1/20/2016 16:00:00,50.79,63272993
1/21/2016 16:00:00,50.48,40191157
1/22/2016 16:00:00,52.29,37555789
1/25/2016 16:00:00,51.79,34707717
1/26/2016 16:00:00,52.17,28900820
1/27/2016 16:00:00,51.22,36775194
1/28/2016 16:00:00,52.06,62513789
1/29/2016 16:00:00,55.09,83611686
02-01-16,54.71,44208542
02-02-16,53,56313753
02-03-16,52.16,57559814
02-04-16,52,46987123
02-05-16,50.16,62008994
02-08-16,49.41,59290497
02-09-16,49.28,46740474
02-10-16,49.71,38236954
02-11-16,49.69,48878571
02-12-16,50.5,34243324
2/16/2016 16:00:00,51.09,37291208
2/17/2016 16:00:00,52.42,40788968
2/18/2016 16:00:00,52.19,27176035
2/19/2016 16:00:00,51.82,33559073
2/22/2016 16:00:00,52.65,25008291
2/23/2016 16:00:00,51.18,28895274
2/24/2016 16:00:00,51.36,33014457
2/25/2016 16:00:00,52.1,26939467
2/26/2016 16:00:00,51.3,35975925
2/29/2016 16:00:00,50.88,31654036
03-01-16,52.58,33024535
03-02-16,52.95,29289884
03-03-16,52.35,24427813
03-04-16,52.03,33034150
03-07-16,51.03,38428816
03-08-16,51.65,33835119
03-09-16,52.84,28251588
03-10-16,52.05,38387804
03-11-16,53.07,32275677
3/14/2016 16:00:00,53.17,24083616
3/15/2016 16:00:00,53.59,21104763
3/16/2016 16:00:00,54.35,31691742
3/17/2016 16:00:00,54.66,20539771
3/18/2016 16:00:00,53.49,67625518
3/21/2016 16:00:00,53.86,23925716
3/22/2016 16:00:00,54.07,23124143
3/23/2016 16:00:00,53.97,20129015
3/24/2016 16:00:00,54.21,19949972
3/28/2016 16:00:00,53.54,17025050
3/29/2016 16:00:00,54.71,23924329
3/30/2016 16:00:00,55.05,23008260
3/31/2016 16:00:00,55.23,26360495
04-01-16,55.57,24399193
04-04-16,55.43,18928810
04-05-16,54.56,19272255
04-06-16,55.12,21188682
04-07-16,54.46,19225092
04-08-16,54.42,22167223
04-11-16,54.31,21414227
04-12-16,54.65,24944288
4/13/2016 16:00:00,55.35,20817961
4/14/2016 16:00:00,55.36,20877108
4/15/2016 16:00:00,55.65,28793753
4/18/2016 16:00:00,56.46,23785950
4/19/2016 16:00:00,56.39,29596827
4/20/2016 16:00:00,55.59,36195714
4/21/2016 16:00:00,55.78,38909096
4/22/2016 16:00:00,51.78,126834091
4/25/2016 16:00:00,52.11,33226948
4/26/2016 16:00:00,51.44,33532636
4/27/2016 16:00:00,50.94,43369256
4/28/2016 16:00:00,49.9,43134846
4/29/2016 16:00:00,49.87,48411684
05-02-16,50.61,33114539
05-03-16,49.78,26460244
05-04-16,49.87,24257556
05-05-16,49.94,25390718
05-06-16,50.39,24787301
05-09-16,50.07,17951598
05-10-16,51.02,22890966
05-11-16,51.05,24039140
05-12-16,51.51,24102781
5/13/2016 16:00:00,51.08,22592342
5/16/2016 16:00:00,51.83,20032017
5/17/2016 16:00:00,50.51,27803514
5/18/2016 16:00:00,50.81,24907532
5/19/2016 16:00:00,50.32,23842358
5/20/2016 16:00:00,50.62,23905769
5/23/2016 16:00:00,50.03,26118720
5/24/2016 16:00:00,51.59,34757944
5/25/2016 16:00:00,52.12,24204566
5/26/2016 16:00:00,51.89,24335223
5/27/2016 16:00:00,52.32,17721438
5/31/2016 16:00:00,53,37653081
06-01-16,52.85,25324828
06-02-16,52.48,22840779
06-03-16,51.79,23368291
06-06-16,52.13,18243271
06-07-16,52.1,20866770
06-08-16,52.04,21149438
06-09-16,51.62,20305664
06-10-16,51.48,25833151
6/13/2016 16:00:00,50.14,83217844
6/14/2016 16:00:00,49.83,42577106
6/15/2016 16:00:00,49.69,33757639
6/16/2016 16:00:00,50.39,31188605
6/17/2016 16:00:00,50.13,45710516
6/20/2016 16:00:00,50.07,35607946
6/21/2016 16:00:00,51.19,34097825
6/22/2016 16:00:00,50.99,28816848
6/23/2016 16:00:00,51.91,29028833
6/24/2016 16:00:00,49.83,133502985
6/27/2016 16:00:00,48.43,50576699
6/28/2016 16:00:00,49.44,38140658
6/29/2016 16:00:00,50.54,31304021
6/30/2016 16:00:00,51.17,28527781
07-01-16,51.16,21400392
07-05-16,51.17,24806351
07-06-16,51.38,28167461
07-07-16,51.38,19585194
07-08-16,52.3,28391026
07-11-16,52.59,22269203
07-12-16,53.21,27317555
7/13/2016 16:00:00,53.51,25356841
7/14/2016 16:00:00,53.74,24545520
7/15/2016 16:00:00,53.7,32024385
7/18/2016 16:00:00,53.96,31433864
7/19/2016 16:00:00,53.09,53336533
7/20/2016 16:00:00,55.91,89893301
7/21/2016 16:00:00,55.8,32776653
7/22/2016 16:00:00,56.57,32157167
7/25/2016 16:00:00,56.73,25610587
7/26/2016 16:00:00,56.76,28078995
7/27/2016 16:00:00,56.19,32327477
7/28/2016 16:00:00,56.21,37550411
7/29/2016 16:00:00,56.68,30558718
08-01-16,56.58,26003419
08-02-16,56.58,35121958
08-03-16,56.97,22075616
08-04-16,57.39,26587749
08-05-16,57.96,29335221
08-08-16,58.06,19473499
08-09-16,58.2,16920721
08-10-16,58.02,15756913
08-11-16,58.3,18162301
08-12-16,57.94,21655161
8/15/2016 16:00:00,58.12,19283902
8/16/2016 16:00:00,57.44,20523493
8/17/2016 16:00:00,57.56,18856423
8/18/2016 16:00:00,57.6,14214341
8/19/2016 16:00:00,57.62,17271044
8/22/2016 16:00:00,57.67,15221922
8/23/2016 16:00:00,57.89,18732373
8/24/2016 16:00:00,57.95,18151506
8/25/2016 16:00:00,58.17,18552579
8/26/2016 16:00:00,58.03,20971202
8/29/2016 16:00:00,58.1,16417207
8/30/2016 16:00:00,57.89,16930185
8/31/2016 16:00:00,57.46,20860269
09-01-16,57.59,26075363
09-02-16,57.67,18900489
09-06-16,57.61,16278416
09-07-16,57.66,17493359
09-08-16,57.43,20146083
09-09-16,56.21,35113934
09-12-16,57.05,29302962
9/13/2016 16:00:00,56.53,30130213
9/14/2016 16:00:00,56.26,24274273
9/15/2016 16:00:00,57.19,27062614
9/16/2016 16:00:00,57.25,44606965
9/19/2016 16:00:00,56.93,20937104
9/20/2016 16:00:00,56.81,17383982
9/21/2016 16:00:00,57.76,33707272
9/22/2016 16:00:00,57.82,19822203
9/23/2016 16:00:00,57.43,19955336
9/26/2016 16:00:00,56.9,21688720
9/27/2016 16:00:00,57.95,28065071
9/28/2016 16:00:00,58.03,20536400
9/29/2016 16:00:00,57.4,25463536
9/30/2016 16:00:00,57.6,29910788
10-03-16,57.42,19189515
10-04-16,57.24,20085874
10-05-16,57.64,16726411
10-06-16,57.74,16212611
10-07-16,57.8,20089020
10-10-16,58.04,18196509
10-11-16,57.19,26497418
10-12-16,57.11,22177464
10/13/2016 16:00:00,56.92,25313748
10/14/2016 16:00:00,57.42,27402451
10/17/2016 16:00:00,57.22,23830014
10/18/2016 16:00:00,57.66,19149538
10/19/2016 16:00:00,57.53,22878397
10/20/2016 16:00:00,57.25,49455612
10/21/2016 16:00:00,59.66,80032206
10/24/2016 16:00:00,61,54066978
10/25/2016 16:00:00,60.99,35137164
10/26/2016 16:00:00,60.63,29911608
10/27/2016 16:00:00,60.1,28479856
10/28/2016 16:00:00,59.87,33574684
10/31/2016 16:00:00,59.92,26434697
11-01-16,59.8,24532986
11-02-16,59.43,22147005
11-03-16,59.21,21600427
11-04-16,58.71,28697016
11-07-16,60.42,31664798
11-08-16,60.47,22935355
11-09-16,60.17,49632479
11-10-16,58.7,57822394
11-11-16,59.02,38767843
11/14/2016 16:00:00,58.12,41328422
11/15/2016 16:00:00,58.87,35904126
11/16/2016 16:00:00,59.65,27332475
11/17/2016 16:00:00,60.64,32132728
11/18/2016 16:00:00,60.35,27686311
11/21/2016 16:00:00,60.86,19652595
11/22/2016 16:00:00,61.12,23206700
11/23/2016 16:00:00,60.4,21848913
11/25/2016 16:00:00,60.53,8409616
11/28/2016 16:00:00,60.61,20732619
11/29/2016 16:00:00,61.09,22366721
11/30/2016 16:00:00,60.26,34655435
12-01-16,59.2,34542121
12-02-16,59.25,25515665
12-05-16,60.22,23552658
12-06-16,59.95,19907035
12-07-16,61.37,30808969
12-08-16,61.01,21220753
12-09-16,61.97,27349356
12-12-16,62.17,20198081
12/13/2016 16:00:00,62.98,35718868
12/14/2016 16:00:00,62.68,30352654
12/15/2016 16:00:00,62.58,27669868
12/16/2016 16:00:00,62.3,42453083
12/19/2016 16:00:00,63.62,34338219
12/20/2016 16:00:00,63.54,26028379
12/21/2016 16:00:00,63.54,17096304
12/22/2016 16:00:00,63.55,22176585
12/23/2016 16:00:00,63.24,12403819
12/27/2016 16:00:00,63.28,11763173
12/28/2016 16:00:00,62.99,14653348
12/29/2016 16:00:00,62.9,10250582
12/30/2016 16:00:00,62.14,25579908
01-03-17,62.58,20694101
01-04-17,62.3,21339969
01-05-17,62.3,24875968
01-06-17,62.84,19922919
01-09-17,62.64,20382730
01-10-17,62.62,18593004
01-11-17,63.19,21517335
01-12-17,62.61,20968223
1/13/2017 16:00:00,62.7,19422310
1/17/2017 16:00:00,62.53,20663983
1/18/2017 16:00:00,62.5,19670102
1/19/2017 16:00:00,62.3,18451655
1/20/2017 16:00:00,62.74,30213462
1/23/2017 16:00:00,62.96,23097581
1/24/2017 16:00:00,63.52,24672940
1/25/2017 16:00:00,63.68,24654933
1/26/2017 16:00:00,64.27,43554645
1/27/2017 16:00:00,65.78,44817972
1/30/2017 16:00:00,65.13,31651445
1/31/2017 16:00:00,64.65,25270549
02-01-17,63.58,39671528
02-02-17,63.17,45827013
02-03-17,63.68,30301759
02-06-17,63.64,19796360
02-07-17,63.43,20277226
02-08-17,63.34,18096358
02-09-17,64.06,22644443
02-10-17,64,18170729
2/13/2017 16:00:00,64.72,22920101
2/14/2017 16:00:00,64.57,23108426
2/15/2017 16:00:00,64.53,17005157
2/16/2017 16:00:00,64.52,20546345
2/17/2017 16:00:00,64.62,21248818
2/21/2017 16:00:00,64.49,20655869
2/22/2017 16:00:00,64.36,19292651
2/23/2017 16:00:00,64.62,20273128
2/24/2017 16:00:00,64.62,21796800
2/27/2017 16:00:00,64.23,15871507
2/28/2017 16:00:00,63.98,23239825
03-01-17,64.94,26937459
03-02-17,64.01,24539597
03-03-17,64.25,18139405
03-06-17,64.27,18750255
03-07-17,64.4,18520987
03-08-17,64.99,21510907
03-09-17,64.73,19846832
03-10-17,64.93,19538245
3/13/2017 16:00:00,64.71,20100035
3/14/2017 16:00:00,64.41,14280202
3/15/2017 16:00:00,64.75,24833810
3/16/2017 16:00:00,64.64,20674296
3/17/2017 16:00:00,64.87,49219686
3/20/2017 16:00:00,64.93,14598083
3/21/2017 16:00:00,64.21,26640480
3/22/2017 16:00:00,65.03,20680015
3/23/2017 16:00:00,64.87,19269203
3/24/2017 16:00:00,64.98,22617105
3/27/2017 16:00:00,65.1,18614662
3/28/2017 16:00:00,65.29,20080358
3/29/2017 16:00:00,65.47,13618424
3/30/2017 16:00:00,65.71,15122823
3/31/2017 16:00:00,65.86,21040331
04-03-17,65.55,20400871
04-04-17,65.73,12997449
04-05-17,65.56,21448594
04-06-17,65.73,18103453
04-07-17,65.68,14108533
04-10-17,65.53,17952742
04-11-17,65.48,18791533
04-12-17,65.23,17108513
4/13/2017 16:00:00,64.95,17896483
4/17/2017 16:00:00,65.48,16689265
4/18/2017 16:00:00,65.39,15155611
4/19/2017 16:00:00,65.04,26992771
4/20/2017 16:00:00,65.5,22299477
4/21/2017 16:00:00,66.4,32522645
4/24/2017 16:00:00,67.53,29769976
4/25/2017 16:00:00,67.92,30242730
4/26/2017 16:00:00,67.83,26190770
4/27/2017 16:00:00,68.27,34970953
4/28/2017 16:00:00,68.46,39548818
05-01-17,69.41,31954362
05-02-17,69.3,23906119
05-03-17,69.08,28927973
05-04-17,68.81,21749409
05-05-17,69,19128782
05-08-17,68.94,18566087
05-09-17,69.04,22858414
05-10-17,69.31,17977830
05-11-17,68.46,28789413
05-12-17,68.38,18714123
5/15/2017 16:00:00,68.43,31530301
5/16/2017 16:00:00,69.41,34956038
5/17/2017 16:00:00,67.48,30548781
5/18/2017 16:00:00,67.71,25201274
5/19/2017 16:00:00,67.69,26961119
5/22/2017 16:00:00,68.45,16237550
5/23/2017 16:00:00,68.68,15425824
5/24/2017 16:00:00,68.77,14666865
5/25/2017 16:00:00,69.62,21854095
5/26/2017 16:00:00,69.96,19827923
5/30/2017 16:00:00,70.41,17072838
5/31/2017 16:00:00,69.84,30436364
06-01-17,70.1,21603601
06-02-17,71.76,34770261
06-05-17,72.28,33316760
06-06-17,72.52,31511065
06-07-17,72.39,22301765
06-08-17,71.95,24588270
06-09-17,70.32,49187396
06-12-17,69.78,47761743
6/13/2017 16:00:00,70.65,25258614
6/14/2017 16:00:00,70.27,25510685
6/15/2017 16:00:00,69.9,26068709
6/16/2017 16:00:00,70,48345085
6/19/2017 16:00:00,70.87,23798268
6/20/2017 16:00:00,69.91,21512231
6/21/2017 16:00:00,70.27,19891051
6/22/2017 16:00:00,70.26,22965738
6/23/2017 16:00:00,71.21,27617291
6/26/2017 16:00:00,70.53,19606974
6/27/2017 16:00:00,69.21,25215128
6/28/2017 16:00:00,69.8,25806200
6/29/2017 16:00:00,68.49,28918715
6/30/2017 16:00:00,68.93,24161068
07-03-17,68.17,16165538
07-05-17,69.08,21176272
07-06-17,68.57,21117572
07-07-17,69.46,16878317
07-10-17,69.98,15014503
07-11-17,69.99,17460022
07-12-17,71.15,17750925
7/13/2017 16:00:00,71.77,20269816
7/14/2017 16:00:00,72.78,25868086
7/17/2017 16:00:00,73.35,21803907
7/18/2017 16:00:00,73.3,26435296
7/19/2017 16:00:00,73.86,22416222
7/20/2017 16:00:00,74.22,42361025
7/21/2017 16:00:00,73.79,46717082
7/24/2017 16:00:00,73.6,21394826
7/25/2017 16:00:00,74.19,22018681
7/26/2017 16:00:00,74.05,16252233
7/27/2017 16:00:00,73.16,36844220
7/28/2017 16:00:00,73.04,18306680
7/31/2017 16:00:00,72.7,23600054
08-01-17,72.58,20823890
08-02-17,72.26,26499158
08-03-17,72.15,18214424
08-04-17,72.68,22578952
08-07-17,72.4,18705681
08-08-17,72.79,22044587
08-09-17,72.47,22213410
08-10-17,71.41,24734461
08-11-17,72.5,21443675
8/14/2017 16:00:00,73.59,20096592
8/15/2017 16:00:00,73.22,19181402
8/16/2017 16:00:00,73.65,18150402
8/17/2017 16:00:00,72.4,22977519
8/18/2017 16:00:00,72.49,18761491
8/21/2017 16:00:00,72.15,17734767
8/22/2017 16:00:00,73.16,14343674
8/23/2017 16:00:00,72.72,13766507
8/24/2017 16:00:00,72.69,17098282
8/25/2017 16:00:00,72.82,12794301
8/28/2017 16:00:00,72.83,14569715
8/29/2017 16:00:00,73.05,11478382
8/30/2017 16:00:00,74.01,16897801
8/31/2017 16:00:00,74.77,27652811
09-01-17,73.94,21736161
09-05-17,73.61,22242384
09-06-17,73.4,16535785
09-07-17,74.34,17471200
09-08-17,73.98,14703816
09-11-17,74.76,17910383
09-12-17,74.68,14394850
9/13/2017 16:00:00,75.21,13380802
9/14/2017 16:00:00,74.77,15733914
9/15/2017 16:00:00,75.31,38578441
9/18/2017 16:00:00,75.16,23306959
9/19/2017 16:00:00,75.44,16093344
9/20/2017 16:00:00,74.94,21587878
9/21/2017 16:00:00,74.21,19186140
9/22/2017 16:00:00,74.41,14111365
9/25/2017 16:00:00,73.26,24149163
9/26/2017 16:00:00,73.26,18019577
9/27/2017 16:00:00,73.85,19565135
9/28/2017 16:00:00,73.87,10883787
9/29/2017 16:00:00,74.49,17079114
10-02-17,74.61,15304762
10-03-17,74.26,12190403
10-04-17,74.69,13317681
10-05-17,75.97,21195261
10-06-17,76,13959814
10-09-17,76.29,11386502
10-10-17,76.29,13944545
10-11-17,76.42,15388898
10-12-17,77.12,16876538
10/13/2017 16:00:00,77.49,15335742
10/16/2017 16:00:00,77.65,12380093
10/17/2017 16:00:00,77.59,16823989
10/18/2017 16:00:00,77.61,13300701
10/19/2017 16:00:00,77.91,15092758
10/20/2017 16:00:00,78.81,22866426
10/23/2017 16:00:00,78.83,20627173
10/24/2017 16:00:00,78.86,17517182
10/25/2017 16:00:00,78.63,20410808
10/26/2017 16:00:00,78.76,32120717
10/27/2017 16:00:00,83.81,71066729
10/30/2017 16:00:00,83.89,31756653
10/31/2017 16:00:00,83.18,27086575
11-01-17,83.18,22307371
11-02-17,84.05,23992945
11-03-17,84.14,17633543
11-06-17,84.47,19860852
11-07-17,84.27,17939727
11-08-17,84.56,18034170
11-09-17,84.09,21178356
11-10-17,83.87,19397793
11/13/2017 16:00:00,83.93,14196896
11/14/2017 16:00:00,84.05,18801280
11/15/2017 16:00:00,82.98,19383102
11/16/2017 16:00:00,83.2,20962750
11/17/2017 16:00:00,82.4,22078993
11/20/2017 16:00:00,82.53,16314978
11/21/2017 16:00:00,83.72,21237454
11/22/2017 16:00:00,83.11,20553089
11/24/2017 13:00:00,83.26,7425603
11/27/2017 16:00:00,83.87,18265242
11/28/2017 16:00:00,84.88,21925959
11/29/2017 16:00:00,83.34,27381109
11/30/2017 16:00:00,84.17,33054647
12-01-17,84.26,29532132
12-04-17,81.08,39094880
12-05-17,81.59,26152261
12-06-17,82.78,26162054
12-07-17,82.49,23184547
12-08-17,84.16,24489106
12-11-17,85.23,22857854
12-12-17,85.58,23924105
12/13/2017 16:00:00,85.35,22062679
12/14/2017 16:00:00,84.69,19305961
12/15/2017 16:00:00,86.85,53936687
12/18/2017 16:00:00,86.38,22283752
12/19/2017 16:00:00,85.83,23524787
12/20/2017 16:00:00,85.52,23674931
12/21/2017 16:00:00,85.5,17990745
12/22/2017 16:00:00,85.51,14145841
12/26/2017 16:00:00,85.4,9891237
12/27/2017 16:00:00,85.71,14678025
12/28/2017 16:00:00,85.72,10594344
12/29/2017 16:00:00,85.54,18717406
01-02-18,85.95,22483797
01-03-18,86.35,26061439
01-04-18,87.11,21911974
01-05-18,88.19,23407110
01-08-18,88.28,22113049
01-09-18,88.22,19484317
01-10-18,87.82,18652201
01-11-18,88.08,17808877
01-12-18,89.6,24271531
1/16/2018 16:00:00,88.35,36599736
1/17/2018 16:00:00,90.14,25621164
1/18/2018 16:00:00,90.1,24159683
1/19/2018 16:00:00,90,36875013
1/22/2018 16:00:00,91.61,23601555
1/23/2018 16:00:00,91.9,23412841
1/24/2018 16:00:00,91.82,33277483
1/25/2018 16:00:00,92.33,26383238
1/26/2018 16:00:00,94.06,29172167
1/29/2018 16:00:00,93.92,31569940
1/30/2018 16:00:00,92.74,38635053
1/31/2018 16:00:00,95.01,48756338
02-01-18,94.26,47227882
02-02-18,91.78,47867753
02-05-18,88,51031465
02-06-18,91.33,67998564
02-07-18,89.61,41107592
02-08-18,85.01,55628657
02-09-18,88.18,63499065
02-12-18,89.13,35720341
2/13/2018 16:00:00,89.83,26407702
2/14/2018 16:00:00,90.81,34960912
2/15/2018 16:00:00,92.66,27823866
2/16/2018 16:00:00,92,30596919
2/20/2018 16:00:00,92.72,30911725
2/21/2018 16:00:00,91.49,26922503
2/22/2018 16:00:00,91.73,24392753
2/23/2018 16:00:00,94.06,26329226
2/26/2018 16:00:00,95.42,30199846
2/27/2018 16:00:00,94.2,25869119
2/28/2018 16:00:00,93.77,31167338
03-01-18,92.85,37135561
03-02-18,93.05,32830389
03-05-18,93.64,23901578
03-06-18,93.32,22175776
03-07-18,93.86,26716127
03-08-18,94.43,25887828
03-09-18,96.54,36937254
03-12-18,96.77,26073742
3/13/2018 16:00:00,94.41,35387817
3/14/2018 16:00:00,93.85,32131981
3/15/2018 16:00:00,94.18,27610998
3/16/2018 16:00:00,94.6,49081279
3/19/2018 16:00:00,92.89,33344085
3/20/2018 16:00:00,93.13,23075240
3/21/2018 16:00:00,92.48,24457082
3/22/2018 16:00:00,89.79,38604715
3/23/2018 16:00:00,87.18,44068949
3/26/2018 16:00:00,93.78,56396780
3/27/2018 16:00:00,89.47,56569011
3/28/2018 16:00:00,89.39,52501146
3/29/2018 16:00:00,91.27,45867548
04-02-18,88.52,48515417
04-03-18,89.71,37213837
04-04-18,92.33,35559956
04-05-18,92.38,29771881
04-06-18,90.23,38026000
04-09-18,90.77,31533943
04-10-18,92.88,26939883
04-11-18,91.86,24872110
04-12-18,93.58,26758879
4/13/2018 16:00:00,93.08,23346063
4/16/2018 16:00:00,94.17,20288083
4/17/2018 16:00:00,96.07,26771000
4/18/2018 16:00:00,96.44,21043287
4/19/2018 16:00:00,96.11,23552541
4/20/2018 16:00:00,95,31154377
4/23/2018 16:00:00,95.35,22331829
4/24/2018 16:00:00,93.12,34524799
4/25/2018 16:00:00,92.31,33729257
4/26/2018 16:00:00,94.26,42529043
4/27/2018 16:00:00,95.82,48272780
4/30/2018 16:00:00,93.52,41523605
05-01-18,95,31408927
05-02-18,93.51,27471002
05-03-18,94.07,31142497
05-04-18,95.16,22531325
05-07-18,96.22,24242019
05-08-18,95.81,23484589
05-09-18,96.94,27327410
05-10-18,97.91,22388119
05-11-18,97.7,16778316
5/14/2018 16:00:00,98.03,19454124
5/15/2018 16:00:00,97.32,24594010
5/16/2018 16:00:00,97.15,17384742
5/17/2018 16:00:00,96.18,17246716
5/18/2018 16:00:00,96.36,17865840
5/21/2018 16:00:00,97.6,19422467
5/22/2018 16:00:00,97.5,15441189
5/23/2018 16:00:00,98.66,21251222
5/24/2018 16:00:00,98.31,26649287
5/25/2018 16:00:00,98.36,18363918
5/29/2018 16:00:00,98.01,28670981
5/30/2018 16:00:00,98.95,22158528
5/31/2018 16:00:00,98.84,34140891
06-01-18,100.79,28655624
06-04-18,101.67,27281623
06-05-18,102.19,23514402
06-06-18,102.49,21122917
06-07-18,100.88,28232197
06-08-18,101.63,22165128
06-11-18,101.05,23490894
06-12-18,101.31,18325228
6/13/2018 16:00:00,100.85,29492875
6/14/2018 16:00:00,101.42,25691811
6/15/2018 16:00:00,100.13,65738585
6/18/2018 16:00:00,100.86,23586037
6/19/2018 16:00:00,100.86,28653087
6/20/2018 16:00:00,101.87,26180792
6/21/2018 16:00:00,101.14,23198188
6/22/2018 16:00:00,100.41,38923105
6/25/2018 16:00:00,98.39,35433333
6/26/2018 16:00:00,99.08,26897244
6/27/2018 16:00:00,97.54,31298386
6/28/2018 16:00:00,98.63,26650671
6/29/2018 16:00:00,98.61,28053214
07-02-18,100.01,19564521
07-03-18,99.05,14670275
07-05-18,99.76,18977402
07-06-18,101.16,19234627
07-09-18,101.85,18211980
07-10-18,102.12,19293140
07-11-18,101.98,19644648
07-12-18,104.19,24335929
7/13/2018 16:00:00,105.43,24653500
7/16/2018 16:00:00,104.91,21786912
7/17/2018 16:00:00,105.95,25901726
7/18/2018 16:00:00,105.12,29493927
7/19/2018 16:00:00,104.4,40171646
7/20/2018 16:00:00,106.27,56038827
7/23/2018 16:00:00,107.97,29706955
7/24/2018 16:00:00,107.66,26316619
7/25/2018 16:00:00,110.83,30798058
7/26/2018 16:00:00,109.62,31372110
7/27/2018 16:00:00,107.68,37005292
7/30/2018 16:00:00,105.37,34668327
7/31/2018 16:00:00,106.08,27655152
08-01-18,106.28,23628699
08-02-18,107.57,26104258
08-03-18,108.04,18659599
08-06-18,108.13,20265947
08-07-18,108.88,16080214
08-08-18,109.49,15487502
08-09-18,109.67,13677211
08-10-18,109,18183724
8/13/2018 16:00:00,108.21,18474884
8/14/2018 16:00:00,109.56,16788314
8/15/2018 16:00:00,107.66,29982806
8/16/2018 16:00:00,107.64,21384289
8/17/2018 16:00:00,107.58,18061512
8/20/2018 16:00:00,106.87,17914201
8/21/2018 16:00:00,105.98,22881861
8/22/2018 16:00:00,107.06,18000639
8/23/2018 16:00:00,107.56,18167723
8/24/2018 16:00:00,108.4,17234020
8/27/2018 16:00:00,109.6,19662331
8/28/2018 16:00:00,110.26,19151528
8/29/2018 16:00:00,112.02,20818044
8/30/2018 16:00:00,111.95,22798702
8/31/2018 16:00:00,112.33,23222713
09-04-18,111.71,22634641
09-05-18,108.49,32872352
09-06-18,108.74,23477624
09-07-18,108.21,22498646
09-10-18,109.38,20727906
09-11-18,111.24,24301774
09-12-18,111.71,18891064
9/13/2018 16:00:00,112.91,26055620
9/14/2018 16:00:00,113.37,19122349
9/17/2018 16:00:00,112.14,20736516
9/18/2018 16:00:00,113.21,22170934
9/19/2018 16:00:00,111.7,21728429
9/20/2018 16:00:00,113.57,23714512
9/21/2018 16:00:00,114.26,71229698
9/24/2018 16:00:00,114.67,27334460
9/25/2018 16:00:00,114.45,22668014
9/26/2018 16:00:00,113.98,19352025
9/27/2018 16:00:00,114.41,19091299
9/28/2018 16:00:00,114.37,21647811
10-01-18,115.61,18883079
10-02-18,115.15,20787239
10-03-18,115.17,16648018
10-04-18,112.79,34821717
10-05-18,112.13,29068859
10-08-18,110.85,29640588
10-09-18,112.26,26198594
10-10-18,106.16,61376315
10-11-18,105.91,63904282
10-12-18,109.57,47742109
10/15/2018 16:00:00,107.6,32068103
10/16/2018 16:00:00,111,31610164
10/17/2018 16:00:00,110.71,26548243
10/18/2018 16:00:00,108.5,32506192
10/19/2018 16:00:00,108.66,32785475
10/22/2018 16:00:00,109.63,26545607
10/23/2018 16:00:00,108.1,43770429
10/24/2018 16:00:00,102.32,63897759
10/25/2018 16:00:00,108.3,61646819
10/26/2018 16:00:00,106.96,55523104
10/29/2018 16:00:00,103.85,55162001
10/30/2018 16:00:00,103.73,65350878
10/31/2018 16:00:00,106.81,51062383
11-01-18,105.92,33384201
11-02-18,106.16,37680194
11-05-18,107.51,27922144
11-06-18,107.72,24340248
11-07-18,111.96,37901704
11-08-18,111.75,25644105
11-09-18,109.57,32039223
11-12-18,106.87,33621807
11/13/2018 16:00:00,106.94,35374583
11/14/2018 16:00:00,104.97,39495141
11/15/2018 16:00:00,107.28,38505165
11/16/2018 16:00:00,108.29,33502121
11/19/2018 16:00:00,104.62,44773899
11/20/2018 16:00:00,101.71,64052457
11/21/2018 16:00:00,103.11,28130621
11/23/2018 13:00:00,103.07,13823099
11/26/2018 16:00:00,106.47,32336165
11/27/2018 16:00:00,107.14,29124486
11/28/2018 16:00:00,111.12,46788461
11/29/2018 16:00:00,110.19,28123195
11/30/2018 16:00:00,110.89,33665624
12-03-18,112.09,34732772
12-04-18,108.52,45196984
12-06-18,109.19,49107431
12-07-18,104.82,45044937
12-10-18,107.59,40801525
12-11-18,108.59,42381947
12-12-18,109.08,36183020
12/13/2018 16:00:00,109.45,31333362
12/14/2018 16:00:00,106.03,47043136
12/17/2018 16:00:00,102.89,56957314
12/18/2018 16:00:00,103.97,49319196
12/19/2018 16:00:00,103.69,68198186
12/20/2018 16:00:00,101.51,70334184
12/21/2018 16:00:00,98.23,111242070
12/24/2018 13:00:00,94.13,43935192
12/26/2018 16:00:00,100.56,51634793
12/27/2018 16:00:00,101.18,49498509
12/28/2018 16:00:00,100.39,38169312
12/31/2018 16:00:00,101.57,33173765
01-02-19,101.12,35329345
01-03-19,97.4,42578410
01-04-19,101.93,44060620
01-07-19,102.06,35656136
01-08-19,102.8,31514415
01-09-19,104.27,32280840
01-10-19,103.6,30067556
01-11-19,102.8,28314202
1/14/2019 16:00:00,102.05,28437079
1/15/2019 16:00:00,105.01,31587616
1/16/2019 16:00:00,105.38,29853865
1/17/2019 16:00:00,106.12,28393015
1/18/2019 16:00:00,107.71,37427587
1/22/2019 16:00:00,105.68,32371253
1/23/2019 16:00:00,106.71,25874294
1/24/2019 16:00:00,106.2,23164838
1/25/2019 16:00:00,107.17,31218193
1/28/2019 16:00:00,105.08,29476719
1/29/2019 16:00:00,102.94,31490547
1/30/2019 16:00:00,106.38,49471866
1/31/2019 16:00:00,104.43,55636391
02-01-19,102.78,35535690
02-04-19,105.74,31315282
02-05-19,107.22,27325365
02-06-19,106.03,20609759
02-07-19,105.27,29760697
02-08-19,105.67,21461093
02-11-19,105.25,18914123
02-12-19,106.89,25056595
2/13/2019 16:00:00,106.81,18394869
2/14/2019 16:00:00,106.9,21784703
2/15/2019 16:00:00,108.22,26606886
2/19/2019 16:00:00,108.17,18038460
2/20/2019 16:00:00,107.15,21607671
2/21/2019 16:00:00,109.41,29063231
2/22/2019 16:00:00,110.97,27763218
2/25/2019 16:00:00,111.59,23750599
2/26/2019 16:00:00,112.36,21536733
2/27/2019 16:00:00,112.17,21487062
2/28/2019 16:00:00,112.03,29083934
03-01-19,112.53,23501169
03-04-19,112.26,26608014
03-05-19,111.7,19538318
03-06-19,111.75,17686996
03-07-19,110.39,25338954
03-08-19,110.51,22818430
03-11-19,112.83,26491618
03-12-19,113.62,26132717
3/13/2019 16:00:00,114.5,35513771
3/14/2019 16:00:00,114.59,30763367
3/15/2019 16:00:00,115.91,54630661
3/18/2019 16:00:00,117.57,31207596
3/19/2019 16:00:00,117.65,37588697
3/20/2019 16:00:00,117.52,28113343
3/21/2019 16:00:00,120.22,29854446
3/22/2019 16:00:00,117.05,33624528
3/25/2019 16:00:00,117.66,27067117
3/26/2019 16:00:00,117.91,26097665
3/27/2019 16:00:00,116.77,22733427
3/28/2019 16:00:00,116.93,18334755
3/29/2019 16:00:00,117.94,25399752
04-01-19,119.02,22789103
04-02-19,119.19,18142297
04-03-19,119.97,22860744
04-04-19,119.36,20112848
04-05-19,119.89,15826245
04-08-19,119.93,15116186
04-09-19,119.28,17611981
04-10-19,120.19,16477169
04-11-19,120.33,14209121
04-12-19,120.95,19745143
4/15/2019 16:00:00,121.05,15792572
4/16/2019 16:00:00,120.77,14071787
4/17/2019 16:00:00,121.77,19300938
4/18/2019 16:00:00,123.37,27990998
4/22/2019 16:00:00,123.76,15648724
4/23/2019 16:00:00,125.44,24025521
4/24/2019 16:00:00,125.01,31256980
4/25/2019 16:00:00,129.15,38033892
4/26/2019 16:00:00,129.89,23654933
4/29/2019 16:00:00,129.77,16324183
4/30/2019 16:00:00,130.6,24166503
05-01-19,127.88,26821692
05-02-19,126.21,27350161
05-03-19,128.9,24911126
05-06-19,128.15,24239464
05-07-19,125.52,36017661
05-08-19,125.51,28418996
05-09-19,125.5,27235835
05-10-19,127.13,30915084
5/13/2019 16:00:00,123.35,33944923
5/14/2019 16:00:00,124.73,25266315
5/15/2019 16:00:00,126.02,24722708
5/16/2019 16:00:00,128.93,30112216
5/17/2019 16:00:00,128.07,25770539
5/20/2019 16:00:00,126.22,23706934
5/21/2019 16:00:00,126.9,15293260
5/22/2019 16:00:00,127.67,15396485
5/23/2019 16:00:00,126.18,23603810
5/24/2019 16:00:00,126.24,14123358
5/28/2019 16:00:00,126.16,23128359
5/29/2019 16:00:00,124.94,22763140
5/30/2019 16:00:00,125.73,16829613
5/31/2019 16:00:00,123.68,26646769
06-03-19,119.84,37983637
06-04-19,123.16,29382642
06-05-19,125.83,24926140
06-06-19,127.82,21458961
06-07-19,131.4,33885588
06-10-19,132.6,26477098
06-11-19,132.1,23913731
06-12-19,131.49,17092464
6/13/2019 16:00:00,132.32,17200848
6/14/2019 16:00:00,132.45,17821703
6/17/2019 16:00:00,132.85,14517785
6/18/2019 16:00:00,135.16,25934458
6/19/2019 16:00:00,135.69,23744441
6/20/2019 16:00:00,136.95,33042592
6/21/2019 16:00:00,136.97,36727892
6/24/2019 16:00:00,137.78,20628841
6/25/2019 16:00:00,133.43,33327420
6/26/2019 16:00:00,133.93,23657745
6/27/2019 16:00:00,134.15,16557482
6/28/2019 16:00:00,133.96,30042969
07-01-19,135.68,22654160
07-02-19,136.58,15237843
07-03-19,137.46,13629296
07-05-19,137.06,18141140
07-08-19,136.96,16779748
07-09-19,136.46,19953097
07-10-19,137.85,24204362
07-11-19,138.4,22327942
07-12-19,138.9,18936832
7/15/2019 16:00:00,138.9,16651457
7/16/2019 16:00:00,137.08,22726128
7/17/2019 16:00:00,136.27,20210956
7/18/2019 16:00:00,136.42,30808707
7/19/2019 16:00:00,136.62,48992364
7/22/2019 16:00:00,138.43,25080760
7/23/2019 16:00:00,139.29,18034589
7/24/2019 16:00:00,140.72,20738275
7/25/2019 16:00:00,140.19,18356883
7/26/2019 16:00:00,141.34,19037600
7/29/2019 16:00:00,141.03,16605870
7/30/2019 16:00:00,140.35,16846528
7/31/2019 16:00:00,136.27,38598786
08-01-19,138.06,40557502
08-02-19,136.9,30791624
08-05-19,132.21,42749551
08-06-19,134.69,32696651
08-07-19,135.28,33414539
08-08-19,138.89,27496508
08-09-19,137.71,23466701
08-12-19,135.79,20484348
8/13/2019 16:00:00,138.6,25496593
8/14/2019 16:00:00,133.98,32527251
8/15/2019 16:00:00,133.68,28125416
8/16/2019 16:00:00,136.13,25026151
8/19/2019 16:00:00,138.41,24370543
8/20/2019 16:00:00,137.26,21188998
8/21/2019 16:00:00,138.79,14982314
8/22/2019 16:00:00,137.78,18709662
8/23/2019 16:00:00,133.39,38515386
8/26/2019 16:00:00,135.45,20325271
8/27/2019 16:00:00,135.74,23115635
8/28/2019 16:00:00,135.56,17410828
8/29/2019 16:00:00,138.12,20179716
8/30/2019 16:00:00,137.86,23946123
09-03-19,136.04,18880773
09-04-19,137.63,18015310
09-05-19,140.05,26119520
09-06-19,139.1,20824504
09-09-19,137.52,25773932
09-10-19,136.08,28903378
09-11-19,136.12,24726117
09-12-19,137.52,27009981
9/13/2019 16:00:00,137.32,23363057
9/16/2019 16:00:00,136.33,16731440
9/17/2019 16:00:00,137.39,17976285
9/18/2019 16:00:00,138.52,24473386
9/19/2019 16:00:00,141.07,36095413
9/20/2019 16:00:00,139.44,40040766
9/23/2019 16:00:00,139.14,17408374
9/24/2019 16:00:00,137.38,30016670
9/25/2019 16:00:00,139.36,22544054
9/26/2019 16:00:00,139.54,17813512
9/27/2019 16:00:00,137.73,22498958
9/30/2019 16:00:00,139.03,18430390
10-01-19,137.07,22581929
10-02-19,134.65,32001763
10-03-19,136.28,26379798
10-04-19,138.12,23839548
10-07-19,137.12,16601284
10-08-19,135.67,26783336
10-09-19,138.24,20178482
10-10-19,139.1,18396605
10-11-19,139.68,25551065
10/14/2019 16:00:00,139.55,13591639
10/15/2019 16:00:00,141.57,19917762
10/16/2019 16:00:00,140.41,20841687
10/17/2019 16:00:00,139.69,22102797
10/18/2019 16:00:00,137.41,32284428
10/21/2019 16:00:00,138.43,20716039
10/22/2019 16:00:00,136.37,27935270
10/23/2019 16:00:00,137.24,31380309
10/24/2019 16:00:00,139.94,37278399
10/25/2019 16:00:00,140.73,25959724
10/28/2019 16:00:00,144.19,35280137
10/29/2019 16:00:00,142.83,20589469
10/30/2019 16:00:00,144.61,18496591
10/31/2019 16:00:00,143.37,24605135
11-01-19,143.72,33128366
11-04-19,144.55,16911999
11-05-19,144.46,18250172
11-06-19,144.06,16575798
11-07-19,144.26,17786715
11-08-19,145.96,16752939
11-11-19,146.11,14370178
11-12-19,147.07,18648712
11/13/2019 16:00:00,147.31,17444230
11/14/2019 16:00:00,148.06,19755100
11/15/2019 16:00:00,149.97,23508807
11/18/2019 16:00:00,150.34,21554762
11/19/2019 16:00:00,150.39,23960164
11/20/2019 16:00:00,149.62,25720060
11/21/2019 16:00:00,149.48,18576083
11/22/2019 16:00:00,149.59,15841680
11/25/2019 16:00:00,151.23,22428585
11/26/2019 16:00:00,152.03,24635100
11/27/2019 16:00:00,152.32,15201293
11/29/2019 13:00:00,151.38,11977300
12-02-19,149.55,27473616
12-03-19,149.31,25192145
12-04-19,149.85,17580617
12-05-19,149.93,17880601
12-06-19,151.75,16410400
12-09-19,151.75,101612
12-10-19,151.13,16481060
12-11-19,151.7,18860001
12-12-19,153.24,24645366
12/13/2019 16:00:00,154.53,23850062
12/16/2019 16:00:00,155.53,24152770
12/17/2019 16:00:00,154.69,25443527
12/18/2019 16:00:00,154.37,24130046
12/19/2019 16:00:00,155.71,25813825
12/20/2019 16:00:00,157.41,53599613
12/23/2019 16:00:00,157.41,17726283
12/24/2019 13:00:00,157.38,8989150
12/26/2019 16:00:00,158.67,14526927
12/27/2019 16:00:00,158.96,18414352
12/30/2019 16:00:00,157.59,16356720
12/31/2019 16:00:00,157.7,18393383
01-02-20,160.62,22634546
01-03-20,158.62,21121681
01-06-20,159.03,20826702
01-07-20,157.58,21881740
01-08-20,160.09,27762026
01-09-20,162.09,21399951
01-10-20,161.34,20733946
1/13/2020 16:00:00,163.28,21637007
1/14/2020 16:00:00,162.13,23500783
1/15/2020 16:00:00,163.18,21417871
1/16/2020 16:00:00,166.17,23865360
1/17/2020 16:00:00,167.1,34371659
1/21/2020 16:00:00,166.5,29517191
1/22/2020 16:00:00,165.7,24138777
1/23/2020 16:00:00,166.72,19680766
1/24/2020 16:00:00,165.04,24918117
1/27/2020 16:00:00,162.28,32078067
1/28/2020 16:00:00,165.46,24899940
1/29/2020 16:00:00,168.04,35127771
1/30/2020 16:00:00,172.78,51597470
1/31/2020 16:00:00,170.23,36142690
02-03-20,174.38,30149052
02-04-20,180.12,36433339
02-05-20,179.9,39186324
02-06-20,183.63,27751381
02-07-20,183.89,33529074
02-10-20,188.7,35844267
02-11-20,184.44,53159906
02-12-20,184.71,47062921
2/13/2020 16:00:00,183.71,35295834
2/14/2020 16:00:00,185.35,23149516
2/18/2020 16:00:00,187.23,27853113
2/19/2020 16:00:00,187.28,29997471
2/20/2020 16:00:00,184.42,36862376
2/21/2020 16:00:00,178.59,48600385
2/24/2020 16:00:00,170.89,68311066
2/25/2020 16:00:00,168.07,68073295
2/26/2020 16:00:00,170.17,56387148
2/27/2020 16:00:00,158.18,93174906
2/28/2020 16:00:00,162.01,97073557
03-02-20,172.79,71030810
03-03-20,164.51,71677019
03-04-20,170.55,49814383
03-05-20,166.27,47817251
03-06-20,161.57,72821057
03-09-20,150.62,70419274
03-10-20,160.92,65354385
03-11-20,153.63,56504304
03-12-20,139.06,93226366
3/13/2020 16:00:00,158.83,92727446
3/16/2020 16:00:00,135.42,87905868
3/17/2020 16:00:00,146.57,81059817
3/18/2020 16:00:00,140.4,81593173
3/19/2020 16:00:00,142.71,85922661
3/20/2020 16:00:00,137.35,84866215
3/23/2020 16:00:00,135.98,78975176
3/24/2020 16:00:00,148.34,82516727
3/25/2020 16:00:00,146.92,75638224
3/26/2020 16:00:00,156.11,64694427
3/27/2020 16:00:00,149.7,57042291
3/30/2020 16:00:00,160.23,63420326
3/31/2020 16:00:00,157.71,77927186
04-01-20,152.11,57969926
04-02-20,155.26,49630735
04-03-20,153.83,41243284
04-06-20,165.27,67111697
04-07-20,163.49,62769038
04-08-20,165.13,48318234
04-09-20,165.14,51431775
4/13/2020 16:00:00,165.51,41905264
4/14/2020 16:00:00,173.7,52874338
4/15/2020 16:00:00,171.88,40940833
4/16/2020 16:00:00,177.04,50479610
4/17/2020 16:00:00,178.6,52765625
4/20/2020 16:00:00,175.06,36669595
4/21/2020 16:00:00,167.82,56203749
4/22/2020 16:00:00,173.52,34651604
4/23/2020 16:00:00,171.42,32790804
4/24/2020 16:00:00,174.55,34305320
4/27/2020 16:00:00,174.05,33194384
4/28/2020 16:00:00,169.81,34392694
4/29/2020 16:00:00,177.43,51286559
4/30/2020 16:00:00,179.21,53875857
05-01-20,174.57,39370474
05-04-20,178.84,30372862
05-05-20,180.76,36839168
05-06-20,182.54,32139299
05-07-20,183.6,28315992
05-08-20,184.68,30912638
05-11-20,186.74,30892660
05-12-20,182.51,32038199
5/13/2020 16:00:00,179.75,44711488
5/14/2020 16:00:00,180.53,41873911
5/15/2020 16:00:00,183.16,46610382
5/18/2020 16:00:00,184.91,35306620
5/19/2020 16:00:00,183.63,26799116
5/20/2020 16:00:00,185.66,31261334
5/21/2020 16:00:00,183.43,29119513
5/22/2020 16:00:00,183.51,20826898
5/26/2020 16:00:00,181.57,36073609
5/27/2020 16:00:00,181.81,39517146
5/28/2020 16:00:00,181.4,33831824
5/29/2020 16:00:00,183.25,42146720
06-01-20,182.83,22668821
06-02-20,184.91,30794585
06-03-20,185.36,27311016
06-04-20,182.92,28761809
06-05-20,187.2,39893643
06-08-20,188.36,33211590
06-09-20,189.8,29783916
06-10-20,196.84,43872329
06-11-20,186.27,52854672
06-12-20,187.74,43373587
6/15/2020 16:00:00,188.94,32770189
6/16/2020 16:00:00,193.57,42556656
6/17/2020 16:00:00,194.24,25687822
6/18/2020 16:00:00,196.32,23061648
6/19/2020 16:00:00,195.15,44441141
6/22/2020 16:00:00,200.57,32818929
6/23/2020 16:00:00,201.91,30917447
6/24/2020 16:00:00,197.84,36740647
6/25/2020 16:00:00,200.34,27803933
6/26/2020 16:00:00,196.33,54675780
6/29/2020 16:00:00,198.44,26701586
6/30/2020 16:00:00,203.51,34310283
07-01-20,204.7,32061206
07-02-20,206.26,29315762
07-06-20,210.7,31897629
07-07-20,208.25,33600732
07-08-20,212.83,33600025
07-09-20,214.32,33121681
07-10-20,213.67,26177633
7/13/2020 16:00:00,207.07,38135606
7/14/2020 16:00:00,208.35,37591820
7/15/2020 16:00:00,208.04,32179409
7/16/2020 16:00:00,203.92,29940653
7/17/2020 16:00:00,202.88,31635281
7/20/2020 16:00:00,211.6,36884836
7/21/2020 16:00:00,208.75,38105777
7/22/2020 16:00:00,211.75,49605692
7/23/2020 16:00:00,202.54,67457035
7/24/2020 16:00:00,201.3,39826989
7/27/2020 16:00:00,203.85,30160867
7/28/2020 16:00:00,202.02,23251388
7/29/2020 16:00:00,204.06,19632602
7/30/2020 16:00:00,203.9,25079596
7/31/2020 16:00:00,205.01,51247969
08-03-20,216.54,78983009
08-04-20,213.29,49280056
08-05-20,212.94,28858621
08-06-20,216.35,32656843
08-07-20,212.48,27820421
08-10-20,208.25,36716462
08-11-20,203.38,36446459
08-12-20,209.19,28041364
8/13/2020 16:00:00,208.7,22588870
8/14/2020 16:00:00,208.9,17958936
8/17/2020 16:00:00,210.28,20184757
8/18/2020 16:00:00,211.49,21336167
8/19/2020 16:00:00,209.7,27627561
8/20/2020 16:00:00,214.58,26981478
8/21/2020 16:00:00,213.02,36249319
8/24/2020 16:00:00,213.69,25460147
8/25/2020 16:00:00,216.47,23043696
8/26/2020 16:00:00,221.15,39600828
8/27/2020 16:00:00,226.58,57602195
8/28/2020 16:00:00,228.91,26292896
8/31/2020 16:00:00,225.53,28774156
09-01-20,227.27,25791235
09-02-20,231.65,34080839
09-03-20,217.3,58400288
09-04-20,214.25,59664072
09-08-20,202.66,52924330
09-09-20,211.29,45678986
09-10-20,205.37,35461514
09-11-20,204.03,33620073
9/14/2020 16:00:00,205.41,30375768
9/15/2020 16:00:00,208.78,21823942
9/16/2020 16:00:00,205.05,26372464
9/17/2020 16:00:00,202.91,34011257
9/18/2020 16:00:00,200.39,55225326
9/21/2020 16:00:00,202.54,39839657
9/22/2020 16:00:00,207.42,33517065
9/23/2020 16:00:00,200.59,30803780
9/24/2020 16:00:00,203.19,31202493
9/25/2020 16:00:00,207.82,29437312
9/28/2020 16:00:00,209.44,32004936
9/29/2020 16:00:00,207.26,24464472
9/30/2020 16:00:00,210.33,33829088
10-01-20,212.46,27158418
10-02-20,206.19,33154781
10-05-20,210.38,21331561
10-06-20,205.91,28554261
10-07-20,209.83,25681054
10-08-20,210.58,19925837
10-09-20,215.81,26458047
10-12-20,221.4,40461368
10/13/2020 16:00:00,222.86,28950843
10/14/2020 16:00:00,220.86,23451713
10/15/2020 16:00:00,219.66,22733064
10/16/2020 16:00:00,219.66,26057882
10/19/2020 16:00:00,214.22,27625841
10/20/2020 16:00:00,214.65,22753511
10/21/2020 16:00:00,214.8,22724906
10/22/2020 16:00:00,214.89,22351450
10/23/2020 16:00:00,216.23,18879608
10/26/2020 16:00:00,210.08,37111561
10/27/2020 16:00:00,213.25,36700325
10/28/2020 16:00:00,202.68,51195593
10/29/2020 16:00:00,204.72,31432563
10/30/2020 16:00:00,202.47,36980111
11-02-20,202.33,30842163
11-03-20,206.43,27512030
11-04-20,216.39,42311777
11-05-20,223.29,36080137
11-06-20,223.72,25231895
11-09-20,218.39,44394950
11-10-20,211.01,44045120
11-11-20,216.55,29440788
11-12-20,215.44,21616115
11/13/2020 16:00:00,216.51,18630307
11/16/2020 16:00:00,217.23,24953344
11/17/2020 16:00:00,214.46,24154112
11/18/2020 16:00:00,211.08,28372789
11/19/2020 16:00:00,212.42,24792746
11/20/2020 16:00:00,210.39,22843119
11/23/2020 16:00:00,210.11,25683507
11/24/2020 16:00:00,213.86,33979731
11/25/2020 16:00:00,213.87,21012887
11/27/2020 13:00:00,215.23,14512213
11/30/2020 16:00:00,214.07,33064753
12-01-20,216.21,30931318
12-02-20,215.37,23724509
12-03-20,214.24,25120922
12-04-20,214.36,24666039
12-07-20,214.29,24619997
12-08-20,216.01,23284094
12-09-20,211.8,32440603
12-10-20,210.52,26467017
12-11-20,213.26,30979440
12/14/2020 16:00:00,214.2,28798379
12/15/2020 16:00:00,214.13,27018106
12/16/2020 16:00:00,219.28,35023253
12/17/2020 16:00:00,219.42,32515784
12/18/2020 16:00:00,218.59,63354922
12/21/2020 16:00:00,222.59,37181886
12/22/2020 16:00:00,223.94,22643397
12/23/2020 16:00:00,221.02,18699638
12/24/2020 13:00:00,222.75,10550572
12/28/2020 16:00:00,224.96,17933496
12/29/2020 16:00:00,224.15,17403213
12/30/2020 16:00:00,221.68,20272337
12/31/2020 16:00:00,222.42,20942132
01-04-21,217.69,37130139
01-05-21,217.9,23822953
01-06-21,212.25,35930653
01-07-21,218.29,27694480
01-08-21,219.62,22956206
01-11-21,217.49,23047029
01-12-21,214.93,23249336
1/13/2021 16:00:00,216.34,20087080
1/14/2021 16:00:00,213.02,29346737
1/15/2021 16:00:00,212.65,31746512
1/19/2021 16:00:00,216.44,30480859
1/20/2021 16:00:00,224.34,37777260
1/21/2021 16:00:00,224.97,30749553
1/22/2021 16:00:00,225.95,30172663
1/25/2021 16:00:00,229.53,33152095
1/26/2021 16:00:00,232.33,49169601
1/27/2021 16:00:00,232.9,69870638
1/28/2021 16:00:00,238.93,49111159
1/29/2021 16:00:00,231.96,42503138
02-01-21,239.65,33314193
02-02-21,239.51,25916337
02-03-21,243,27158104
02-04-21,242.01,25296100
02-05-21,242.2,18054752
02-08-21,242.47,22211929
02-09-21,243.77,23564953
02-10-21,242.82,22186706
02-11-21,244.49,15751059
02-12-21,244.99,16561079
2/16/2021 16:00:00,243.7,26728490
2/17/2021 16:00:00,244.2,21673109
2/18/2021 16:00:00,243.79,16925563
2/19/2021 16:00:00,240.97,25262600
2/22/2021 16:00:00,234.51,36446936
2/23/2021 16:00:00,233.27,30228704
2/24/2021 16:00:00,234.55,26339746
2/25/2021 16:00:00,228.99,39542235
2/26/2021 16:00:00,232.38,37819227
03-01-21,236.94,25332837
03-02-21,233.87,22812459
03-03-21,227.56,34029526
03-04-21,226.73,44727785
03-05-21,231.6,41872770
03-08-21,227.39,35267440
03-09-21,233.78,33080531
03-10-21,232.42,29746812
03-11-21,237.13,29907586
03-12-21,235.75,22653662
3/15/2021 16:00:00,234.81,26042669
3/16/2021 16:00:00,237.71,28092196
3/17/2021 16:00:00,237.04,29562100
3/18/2021 16:00:00,230.72,34852251
3/19/2021 16:00:00,230.35,46430730
3/22/2021 16:00:00,235.99,30127005
3/23/2021 16:00:00,237.58,31638376
3/24/2021 16:00:00,235.46,25620127
3/25/2021 16:00:00,232.34,34061853
3/26/2021 16:00:00,236.48,25479853
3/29/2021 16:00:00,235.24,25227455
3/30/2021 16:00:00,231.85,24792012
3/31/2021 16:00:00,235.77,43623471
04-01-21,242.35,30337982
04-05-21,249.07,36910609
04-06-21,247.86,22931923
04-07-21,249.9,22719835
04-08-21,253.25,23625197
04-09-21,255.85,24326833
04-12-21,255.91,27148668
4/13/2021 16:00:00,258.49,23837469
4/14/2021 16:00:00,255.59,23070938
4/15/2021 16:00:00,259.5,25627481
4/16/2021 16:00:00,260.74,24878582
4/19/2021 16:00:00,258.74,23209260
4/20/2021 16:00:00,258.26,19722875
4/21/2021 16:00:00,260.58,24030383
4/22/2021 16:00:00,257.17,25606152
4/23/2021 16:00:00,261.15,21499286
4/26/2021 16:00:00,261.55,19763346
4/27/2021 16:00:00,261.97,31014213
4/28/2021 16:00:00,254.56,46903119
4/29/2021 16:00:00,252.51,40589023
4/30/2021 16:00:00,252.18,30945098
05-03-21,251.86,19626568
05-04-21,247.79,32756052
05-05-21,246.47,21901325
05-06-21,249.73,26491085
05-07-21,252.46,27032912
05-10-21,247.18,29299890
05-11-21,246.23,33641589
05-12-21,239,36684370
5/13/2021 16:00:00,243.03,29624298
5/14/2021 16:00:00,248.15,23901081
5/17/2021 16:00:00,245.18,24970168
5/18/2021 16:00:00,243.08,20167975
5/19/2021 16:00:00,243.12,25739807
5/20/2021 16:00:00,246.48,21800716
5/21/2021 16:00:00,245.17,21863058
5/24/2021 16:00:00,250.78,21411547
5/25/2021 16:00:00,251.72,17704303
5/26/2021 16:00:00,251.49,17771600
5/27/2021 16:00:00,249.31,24426244
5/28/2021 16:00:00,249.68,18274942
06-01-21,247.4,23213310
06-02-21,247.3,19406705
06-03-21,245.71,25307711
06-04-21,250.79,25281094
06-07-21,253.81,23079167
06-08-21,252.57,22454998
06-09-21,253.59,17937634
06-10-21,257.24,24563619
06-11-21,257.89,18999731
6/14/2021 16:00:00,259.89,19150507
6/15/2021 16:00:00,258.36,18038931
6/16/2021 16:00:00,257.38,27219956
6/17/2021 16:00:00,260.9,27565537
6/18/2021 16:00:00,259.43,37202217
6/21/2021 16:00:00,262.63,26696119
6/22/2021 16:00:00,265.51,24694090
6/23/2021 16:00:00,265.27,19518681
6/24/2021 16:00:00,266.69,21446867
6/25/2021 16:00:00,265.02,25611113
6/28/2021 16:00:00,268.72,19590024
6/29/2021 16:00:00,271.4,19937811
6/30/2021 16:00:00,270.9,21656457
07-01-21,271.6,16725323
07-02-21,277.65,26474408
07-06-21,277.66,31565560
07-07-21,279.93,23260031
07-08-21,277.42,24618591
07-09-21,277.94,23916665
07-12-21,277.32,18931695
7/13/2021 16:00:00,280.98,26120128
7/14/2021 16:00:00,282.51,23113662
7/15/2021 16:00:00,281.03,22604227
7/16/2021 16:00:00,280.75,26186848
7/19/2021 16:00:00,277.01,32935634
7/20/2021 16:00:00,279.32,26259741
7/21/2021 16:00:00,281.4,24364320
7/22/2021 16:00:00,286.14,23384059
7/23/2021 16:00:00,289.67,22768071
7/26/2021 16:00:00,289.05,23176073
7/27/2021 16:00:00,286.54,33604073
7/28/2021 16:00:00,286.22,33566853
7/29/2021 16:00:00,286.5,18168294
7/30/2021 16:00:00,284.91,20944846
08-02-21,284.82,16267357
08-03-21,287.12,17879048
08-04-21,286.51,16191301
08-05-21,289.52,13900167
08-06-21,289.46,16589336
08-09-21,288.33,16117629
08-10-21,286.44,18616578
08-11-21,286.95,13955934
08-12-21,289.81,14570391
8/13/2021 16:00:00,292.85,18249046
8/16/2021 16:00:00,294.6,22516027
8/17/2021 16:00:00,293.08,20075250
8/18/2021 16:00:00,290.73,21812985
8/19/2021 16:00:00,296.77,29850461
8/20/2021 16:00:00,304.36,40817646
8/23/2021 16:00:00,304.65,22830157
8/24/2021 16:00:00,302.62,18175774
8/25/2021 16:00:00,302.01,20006057
8/26/2021 16:00:00,299.09,17666084
8/27/2021 16:00:00,299.72,22605726
8/30/2021 16:00:00,303.59,16348072
8/31/2021 16:00:00,301.88,26285338
09-01-21,301.83,18983826
09-02-21,301.15,16290545
09-03-21,301.14,14751610
09-07-21,300.18,17184083
09-08-21,300.21,15046819
09-09-21,297.25,19927000
09-10-21,295.71,19633363
9/13/2021 16:00:00,296.99,23652949
9/14/2021 16:00:00,299.79,21853433
9/15/2021 16:00:00,304.82,28356304
9/16/2021 16:00:00,305.22,19550815
9/17/2021 16:00:00,299.87,41372457
9/20/2021 16:00:00,294.3,38278661
9/21/2021 16:00:00,294.8,22364103
9/22/2021 16:00:00,298.58,26626342
9/23/2021 16:00:00,299.56,18604601
9/24/2021 16:00:00,299.35,14998978
9/27/2021 16:00:00,294.17,23571742
9/28/2021 16:00:00,283.52,43186237
9/29/2021 16:00:00,284,26353696
9/30/2021 16:00:00,281.92,32343635
10-01-21,289.1,30086280
10-04-21,283.11,31350747
10-05-21,288.76,24993024
10-06-21,293.11,28002559
10-07-21,294.85,20430471
10-08-21,294.85,17685700
10-11-21,294.23,19298634
10-12-21,292.88,17974143
10/13/2021 16:00:00,296.31,23424025
10/14/2021 16:00:00,302.75,27262902
10/15/2021 16:00:00,304.21,25384803
10/18/2021 16:00:00,307.29,22729297
10/19/2021 16:00:00,308.23,17682139
10/20/2021 16:00:00,307.41,16537069
10/21/2021 16:00:00,310.76,16918100
10/22/2021 16:00:00,309.16,17449332
10/25/2021 16:00:00,308.13,17554469
10/26/2021 16:00:00,310.11,28107349
10/27/2021 16:00:00,323.17,52588690
10/28/2021 16:00:00,324.35,26297943
10/29/2021 16:00:00,331.62,34765982
11-01-21,329.37,27073182
11-02-21,333.13,26487109
11-03-21,334,21500082
11-04-21,336.44,23992202
11-05-21,336.06,22570098
11-08-21,336.99,20897001
11-09-21,335.95,21307370
11-10-21,330.8,25500938
11-11-21,332.43,16849844
11-12-21,336.72,23831049
11/15/2021 16:00:00,336.07,16723009
11/16/2021 16:00:00,339.51,20886832
11/17/2021 16:00:00,339.12,19053380
11/18/2021 16:00:00,341.27,22463533
11/19/2021 16:00:00,343.11,21963403
11/22/2021 16:00:00,339.83,31031113
11/23/2021 16:00:00,337.68,30427563
11/24/2021 16:00:00,337.91,21661307
11/26/2021 13:00:00,329.68,24217242
11/29/2021 16:00:00,336.63,28563481
11/30/2021 16:00:00,330.59,42885609
12-01-21,330.08,33401146
12-02-21,329.49,30765980
12-03-21,323.01,41779279
12-06-21,326.19,30032556
12-07-21,334.92,31021936
12-08-21,334.97,24760988
12-09-21,333.1,22214158
12-10-21,342.54,38095694
12/13/2021 16:00:00,339.4,28899431
12/14/2021 16:00:00,328.34,44438699
12/15/2021 16:00:00,334.65,35381122
12/16/2021 16:00:00,324.9,35034831
12/17/2021 16:00:00,323.8,47983713
12/20/2021 16:00:00,319.91,28326532
12/21/2021 16:00:00,327.29,24740597
12/22/2021 16:00:00,333.2,24831493
12/23/2021 16:00:00,334.69,19617848
12/27/2021 16:00:00,342.45,19947029
12/28/2021 16:00:00,341.25,15661467
12/29/2021 16:00:00,341.95,15041956
12/30/2021 16:00:00,339.32,15994471
12/31/2021 16:00:00,336.32,18000797
01-03-22,334.75,28918013
01-04-22,329.01,32674306
01-05-22,316.38,40054327
01-06-22,313.88,39646148
01-07-22,314.04,32720018
01-10-22,314.27,44289467
01-11-22,314.98,29386774
01-12-22,318.27,34372217
1/13/2022 16:00:00,304.8,45365979
1/14/2022 16:00:00,310.2,39846414
1/18/2022 16:00:00,302.65,42434112
1/19/2022 16:00:00,303.33,45933855
1/20/2022 16:00:00,301.6,35380675
1/21/2022 16:00:00,296.03,57984403
1/24/2022 16:00:00,296.37,86035393
1/25/2022 16:00:00,288.49,72848638
1/26/2022 16:00:00,296.71,90428853
1/27/2022 16:00:00,299.84,53481317
1/28/2022 16:00:00,308.26,49743698
1/31/2022 16:00:00,310.98,46444536
02-01-22,308.76,40950396
02-02-22,313.46,36635989
02-03-22,301.25,43729972
02-04-22,305.94,35096488
02-07-22,300.95,28533286
02-08-22,304.56,32421188
02-09-22,311.21,31284671
02-10-22,302.38,45386199
02-11-22,295.04,39175620
2/14/2022 16:00:00,295,36359487
2/15/2022 16:00:00,300.47,27379488
2/16/2022 16:00:00,299.5,29982121
2/17/2022 16:00:00,290.73,32461580
2/18/2022 16:00:00,287.93,34264008
2/22/2022 16:00:00,287.72,41736117
2/23/2022 16:00:00,280.27,37811167
2/24/2022 16:00:00,294.59,56989686
2/25/2022 16:00:00,297.31,32546721
2/28/2022 16:00:00,298.79,34627457
03-01-22,294.95,31217778
03-02-22,300.19,31873007
03-03-22,295.92,27314469
03-04-22,289.86,32369655
03-07-22,278.91,43157178
03-08-22,275.85,48159475
03-09-22,288.5,35204480
03-10-22,285.59,30628012
03-11-22,280.07,27209330
3/14/2022 16:00:00,276.44,30660747
3/15/2022 16:00:00,287.15,34245085
3/16/2022 16:00:00,294.39,37826329
3/17/2022 16:00:00,295.22,30816633
3/18/2022 16:00:00,300.43,43390625
3/21/2022 16:00:00,299.16,28351245
3/22/2022 16:00:00,304.06,27599689
3/23/2022 16:00:00,299.49,25715377
3/24/2022 16:00:00,304.1,24484456
3/25/2022 16:00:00,303.68,22566453
3/28/2022 16:00:00,310.7,29578188
3/29/2022 16:00:00,315.41,30393403
3/30/2022 16:00:00,313.86,28163555
3/31/2022 16:00:00,308.31,33422070
04-01-22,309.42,27110529
04-04-22,314.97,24335868
04-05-22,310.88,23156719
04-06-22,299.5,40110372
04-07-22,301.37,31411155
04-08-22,296.97,24361917
04-11-22,285.26,34569264
04-12-22,282.06,30966721
4/13/2022 16:00:00,287.62,21907176
4/14/2022 16:00:00,279.83,28221607
4/18/2022 16:00:00,280.52,20778000
4/19/2022 16:00:00,285.3,22297720
4/20/2022 16:00:00,286.36,22906667
4/21/2022 16:00:00,280.81,29454587
4/22/2022 16:00:00,274.03,29405798
4/25/2022 16:00:00,280.72,35678852
4/26/2022 16:00:00,270.22,46518445
4/27/2022 16:00:00,283.22,63477694
4/28/2022 16:00:00,289.63,33646570
4/29/2022 16:00:00,277.52,37073923
05-02-22,284.47,35151105
05-03-22,281.78,25978605
05-04-22,289.98,33599320
05-05-22,277.35,43260386
05-06-22,274.73,37780322
05-09-22,264.58,47725952
05-10-22,269.5,39336424
05-11-22,260.55,48975898
05-12-22,255.35,51033802
5/13/2022 16:00:00,261.12,34925093
5/16/2022 16:00:00,261.5,32550933
5/17/2022 16:00:00,266.82,28828799
5/18/2022 16:00:00,254.08,31355985
5/19/2022 16:00:00,253.14,32692286
5/20/2022 16:00:00,252.56,39199279
5/23/2022 16:00:00,260.65,33175379
5/24/2022 16:00:00,259.62,29043904
5/25/2022 16:00:00,262.52,28547947
5/26/2022 16:00:00,265.9,25002105
5/27/2022 16:00:00,273.24,26910806
5/31/2022 16:00:00,271.87,37827695
06-01-22,272.42,25292174
06-02-22,274.58,44008209
06-03-22,270.02,28058958
06-06-22,268.75,22400342
06-07-22,272.5,22860677
06-08-22,270.41,17372341
06-09-22,264.79,26439728
06-10-22,252.99,31445841
6/13/2022 16:00:00,242.26,46135788
6/14/2022 16:00:00,244.49,28651487
6/15/2022 16:00:00,251.76,33111729
6/16/2022 16:00:00,244.97,33169160
6/17/2022 16:00:00,247.65,43084780
6/21/2022 16:00:00,253.74,29928297
6/22/2022 16:00:00,253.13,25961215
6/23/2022 16:00:00,258.86,25861449
6/24/2022 16:00:00,267.7,33923231
6/27/2022 16:00:00,264.89,24615114
6/28/2022 16:00:00,256.48,27380247
6/29/2022 16:00:00,260.26,20069839
6/30/2022 16:00:00,256.83,31730868
07-01-22,259.58,22837692
07-05-22,262.85,22971634
07-06-22,266.21,23824419
07-07-22,268.4,20859874
07-08-22,267.66,19658751
07-11-22,264.51,19519108
07-12-22,253.67,35868450
7/13/2022 16:00:00,252.72,29497423
7/14/2022 16:00:00,254.08,25102823
7/15/2022 16:00:00,256.72,29774050
7/18/2022 16:00:00,254.25,20975034
7/19/2022 16:00:00,259.53,25012562
7/20/2022 16:00:00,262.27,22788282
7/21/2022 16:00:00,264.84,22404675
7/22/2022 16:00:00,260.36,21881290
7/25/2022 16:00:00,258.83,21055998
7/26/2022 16:00:00,251.9,39347957
7/27/2022 16:00:00,268.74,45994049
7/28/2022 16:00:00,276.41,33459327
7/29/2022 16:00:00,280.74,32152752
08-01-22,278.01,21539580
08-02-22,274.82,22754184
08-03-22,282.47,23518874
08-04-22,283.65,18098668
08-05-22,282.91,16774606
08-08-22,280.32,18757818
08-09-22,282.3,23405238
08-10-22,289.16,24687845
08-11-22,287.02,20065938
08-12-22,291.91,22619675
8/15/2022 16:00:00,293.47,18085654
8/16/2022 16:00:00,292.71,18102882
8/17/2022 16:00:00,291.32,18253358
8/18/2022 16:00:00,290.17,17186192
8/19/2022 16:00:00,286.15,20570033
8/22/2022 16:00:00,277.75,25061070
8/23/2022 16:00:00,276.44,17527409
8/24/2022 16:00:00,275.79,18137019
8/25/2022 16:00:00,278.85,16583407
8/26/2022 16:00:00,268.09,27549307
8/29/2022 16:00:00,265.23,20338544
8/30/2022 16:00:00,262.97,22767071
8/31/2022 16:00:00,261.47,24791834
09-01-22,260.4,23263431
09-02-22,256.06,22855380
09-06-22,253.25,21328242
09-07-22,258.09,24126700
09-08-22,258.52,20319911
09-09-22,264.46,22093190
09-12-22,266.65,18747690
9/13/2022 16:00:00,251.99,33353318
9/14/2022 16:00:00,252.22,23912954
9/15/2022 16:00:00,245.38,31530948
9/16/2022 16:00:00,244.74,39791768
9/19/2022 16:00:00,244.52,26826931
9/20/2022 16:00:00,242.45,26660299
9/21/2022 16:00:00,238.95,28625557
9/22/2022 16:00:00,240.98,31061162
9/23/2022 16:00:00,237.92,34176048
9/26/2022 16:00:00,237.45,27694190
9/27/2022 16:00:00,236.41,27018732
9/28/2022 16:00:00,241.07,29029679
9/29/2022 16:00:00,237.5,27484233
9/30/2022 16:00:00,232.9,35694832
10-03-22,240.74,28880357
10-04-22,248.88,34888416
10-05-22,249.2,20347136
10-06-22,246.79,20239886
10-07-22,234.24,37769602
10-10-22,229.25,29743608
10-11-22,225.41,30473954
10-12-22,225.75,21903937
10/13/2022 16:00:00,234.24,42551818
10/14/2022 16:00:00,228.56,30198588
10/17/2022 16:00:00,237.53,28142268
10/18/2022 16:00:00,238.5,26329591
10/19/2022 16:00:00,236.48,19985698
10/20/2022 16:00:00,236.15,21811015
10/21/2022 16:00:00,242.12,26299733
10/24/2022 16:00:00,247.25,24911212
10/25/2022 16:00:00,250.66,34775505
10/26/2022 16:00:00,231.32,82684846
10/27/2022 16:00:00,226.75,40424645
10/28/2022 16:00:00,235.87,40647724
10/31/2022 16:00:00,232.13,28357265
11-01-22,228.17,30592271
11-02-22,220.1,38407008
11-03-22,214.25,36633922
11-04-22,221.39,36789063
11-07-22,227.87,33497979
11-08-22,228.87,28192548
11-09-22,224.51,27852910
11-10-22,242.98,46268021
11-11-22,247.11,34620246
11/14/2022 16:00:00,241.55,31123340
11/15/2022 16:00:00,241.97,31390117
11/16/2022 16:00:00,241.73,24093272
11/17/2022 16:00:00,241.68,23123544
11/18/2022 16:00:00,241.22,27613523
11/21/2022 16:00:00,242.05,26394700
11/22/2022 16:00:00,245.03,19665699
11/23/2022 16:00:00,247.58,19508462
11/25/2022 13:05:00,247.49,9200772
11/28/2022 16:00:00,241.76,24810271
11/29/2022 16:00:00,240.33,17956313
11/30/2022 16:00:00,255.14,47594239
12-01-22,254.69,26041524
12-02-22,255.02,21528520
12-05-22,250.2,23435294
12-06-22,245.12,22463727
12-07-22,244.37,20481522
12-08-22,247.4,22611757
12-09-22,245.42,20609743
12-12-22,252.51,30665069
12/13/2022 16:00:00,256.92,42196884
12/14/2022 16:00:00,257.22,35410933
12/15/2022 16:00:00,249.01,35568093
12/16/2022 16:00:00,244.69,86101994
12/19/2022 16:00:00,240.45,29696436
12/20/2022 16:00:00,241.8,25150802
12/21/2022 16:00:00,244.43,23690607
12/22/2022 16:00:00,238.19,28651664
12/23/2022 16:00:00,238.73,21206982
12/27/2022 16:00:00,236.96,16688648
12/28/2022 16:00:00,234.53,17457104
12/29/2022 16:00:00,241.01,19770693
12/30/2022 16:00:00,239.82,21938472
01-03-23,239.58,25740036
01-04-23,229.1,50623394
01-05-23,222.31,39585623
01-06-23,224.93,43613574
01-09-23,227.12,27369784
01-10-23,228.85,27033881
01-11-23,235.77,28669331
01-12-23,238.51,27269486
1/13/2023 16:00:00,239.23,21333265
1/17/2023 16:00:00,240.35,29831257
1/18/2023 16:00:00,235.81,30028692
1/19/2023 16:00:00,231.93,28623033
1/20/2023 16:00:00,240.22,35389809
1/23/2023 16:00:00,242.58,31933951
1/24/2023 16:00:00,242.04,40234444
1/25/2023 16:00:00,240.61,66526641
1/26/2023 16:00:00,248,33454491
1/27/2023 16:00:00,248.16,26498939
1/30/2023 16:00:00,242.71,25867365
1/31/2023 16:00:00,247.81,26541072
02-01-23,252.75,31259912
02-02-23,264.6,39940437
02-03-23,258.35,29077256
02-06-23,256.77,22517997
02-07-23,267.56,50841365
02-08-23,266.73,54686049
02-09-23,263.62,42375102
02-10-23,263.1,25818489
2/13/2023 16:00:00,271.32,44630921
2/14/2023 16:00:00,272.17,37047924
2/15/2023 16:00:00,269.32,28962163
2/16/2023 16:00:00,262.15,29603616
2/17/2023 16:00:00,258.06,30000055
2/21/2023 16:00:00,252.67,28397444
2/22/2023 16:00:00,251.51,22491056
2/23/2023 16:00:00,254.77,29219095
2/24/2023 16:00:00,249.22,24990905
2/27/2023 16:00:00,250.16,21190042
2/28/2023 16:00:00,249.42,22490950
03-01-23,246.27,27565259
03-02-23,251.11,24833646
03-03-23,255.29,30760136
03-06-23,256.87,24109849
03-07-23,254.15,21473179
03-08-23,253.7,17340217
03-09-23,252.32,26653387
03-10-23,248.59,28333930
3/13/2023 16:00:00,253.92,33339721
3/14/2023 16:00:00,260.79,33620293
3/15/2023 16:00:00,265.44,46028047
3/16/2023 16:00:00,276.2,54832140
3/17/2023 16:00:00,279.43,69527371
3/20/2023 16:00:00,272.23,43466649
3/21/2023 16:00:00,273.78,34558704
3/22/2023 16:00:00,272.29,34873330
3/23/2023 16:00:00,277.66,36610879
3/24/2023 16:00:00,280.57,28199962
3/27/2023 16:00:00,276.38,26840212
3/28/2023 16:00:00,275.23,21878647
3/29/2023 16:00:00,280.51,25087032
3/30/2023 16:00:00,284.05,25053410
3/31/2023 16:00:00,288.3,32765976
04-03-23,287.23,24883342
04-04-23,287.18,25824299
04-05-23,284.34,22064770
04-06-23,291.6,29770334
04-10-23,289.39,23102994
04-11-23,282.83,27276589
04-12-23,283.49,27403432
4/13/2023 16:00:00,289.84,24222678
4/14/2023 16:00:00,286.14,20987917
4/17/2023 16:00:00,288.8,23836223
4/18/2023 16:00:00,288.37,20161845
4/19/2023 16:00:00,288.45,17150271
4/20/2023 16:00:00,286.11,23244363
4/21/2023 16:00:00,285.76,21676387
4/24/2023 16:00:00,281.77,26611014
4/25/2023 16:00:00,275.42,45772236
4/26/2023 16:00:00,295.37,64599182
4/27/2023 16:00:00,304.83,46462638
4/28/2023 16:00:00,307.26,36469613
05-01-23,305.56,21294115
05-02-23,305.41,26404431
05-03-23,304.4,22360754
05-04-23,305.41,22519907
05-05-23,310.65,28197052
05-08-23,308.65,21318613
05-09-23,307,21340829
05-10-23,312.31,30078044
05-11-23,310.11,31680179
05-12-23,308.97,19774696
5/15/2023 16:00:00,309.46,16336547
5/16/2023 16:00:00,311.74,26730347
5/17/2023 16:00:00,314,24315012
5/18/2023 16:00:00,318.52,27275991
5/19/2023 16:00:00,318.34,27546701
5/22/2023 16:00:00,321.18,24115664
5/23/2023 16:00:00,315.26,30797173
5/24/2023 16:00:00,313.85,23384887
5/25/2023 16:00:00,325.92,43301743
5/26/2023 16:00:00,332.89,36630633
5/30/2023 16:00:00,331.21,29503070
5/31/2023 16:00:00,328.39,45950553
06-01-23,332.58,26773851
06-02-23,335.4,25873769
06-05-23,335.94,21307053
06-06-23,333.68,20396223
06-07-23,323.38,40717129
06-08-23,325.26,23277708
06-09-23,326.79,22528950
06-12-23,331.85,24306753
6/13/2023 16:00:00,334.29,22951279
6/14/2023 16:00:00,337.34,26003791
6/15/2023 16:00:00,348.1,38899075
6/16/2023 16:00:00,342.33,46551985
6/20/2023 16:00:00,338.05,26375407
6/21/2023 16:00:00,333.56,25117799
6/22/2023 16:00:00,339.71,23556764
6/23/2023 16:00:00,335.02,23146901
6/26/2023 16:00:00,328.6,21520582
6/27/2023 16:00:00,334.57,24354110
6/28/2023 16:00:00,335.85,20259523
6/29/2023 16:00:00,335.05,16997042
6/30/2023 16:00:00,340.54,26832756
07-03-23,337.99,12508692
07-05-23,338.15,18172378
07-06-23,341.27,28195534
07-07-23,337.22,21214824
07-10-23,331.83,32791449
07-11-23,332.47,26698218
07-12-23,337.2,29995262
7/13/2023 16:00:00,342.66,20567159
7/14/2023 16:00:00,345.24,28352729
7/17/2023 16:00:00,345.73,20363927
7/18/2023 16:00:00,359.49,64872705
7/19/2023 16:00:00,355.08,39732901
7/20/2023 16:00:00,346.87,33778395
7/21/2023 16:00:00,343.77,69405382
7/24/2023 16:00:00,345.11,26719207
7/25/2023 16:00:00,350.98,41637739
7/26/2023 16:00:00,337.77,58383702
7/27/2023 16:00:00,330.72,39635262
7/28/2023 16:00:00,338.37,28484868
7/31/2023 16:00:00,335.92,25446022
08-01-23,336.34,18381253
08-02-23,327.5,27761257
08-03-23,326.66,18360352
08-04-23,327.78,23741484
08-07-23,330.11,17741526
08-08-23,326.05,22327574
08-09-23,322.23,22373268
08-10-23,322.93,20113725
08-11-23,321.01,24355491
8/14/2023 16:00:00,324.04,18836139
8/15/2023 16:00:00,321.86,16966285
8/16/2023 16:00:00,320.4,20698864
8/17/2023 16:00:00,316.88,21257161
8/18/2023 16:00:00,316.48,24755012
8/21/2023 16:00:00,321.88,24039956
8/22/2023 16:00:00,322.46,16102024
8/23/2023 16:00:00,327,21166382
8/24/2023 16:00:00,319.97,23281434
8/25/2023 16:00:00,322.98,21684104
8/28/2023 16:00:00,323.7,14808482
8/29/2023 16:00:00,328.41,19284590
8/30/2023 16:00:00,328.79,15222110
8/31/2023 16:00:00,327.76,26410954
09-01-23,328.66,14942024
09-05-23,333.55,18553859
09-06-23,332.88,17535773
09-07-23,329.91,18380995
09-08-23,334.27,19548165
09-11-23,337.94,16583324
09-12-23,331.77,17565482
9/13/2023 16:00:00,336.06,16544412
9/14/2023 16:00:00,338.7,20267048
9/15/2023 16:00:00,330.22,37679792
9/18/2023 16:00:00,329.06,16834208
9/19/2023 16:00:00,328.65,16514487
9/20/2023 16:00:00,320.77,21436525
9/21/2023 16:00:00,319.53,35560362
9/22/2023 16:00:00,317.01,21447887
9/25/2023 16:00:00,317.54,17835964
9/26/2023 16:00:00,312.14,26297573
9/27/2023 16:00:00,312.79,19410082
9/28/2023 16:00:00,313.64,19683564
9/29/2023 16:00:00,315.75,24147298
10-02-23,321.8,20570006
10-03-23,313.39,21033492
10-04-23,318.96,20720144
10-05-23,319.36,16965629
10-06-23,327.26,25673630
10-09-23,329.82,19891180
10-10-23,328.39,20557094
10-11-23,332.42,20063246
10-12-23,331.16,19313098
10/13/2023 16:00:00,327.73,21085695
10/16/2023 16:00:00,332.64,22158048
10/17/2023 16:00:00,332.06,18338523
10/18/2023 16:00:00,330.11,23153602
10/19/2023 16:00:00,331.32,25052071
10/20/2023 16:00:00,326.67,25027715
10/23/2023 16:00:00,329.32,24374748
10/24/2023 16:00:00,330.53,31153571
10/25/2023 16:00:00,340.67,55053828
10/26/2023 16:00:00,327.89,37828543
10/27/2023 16:00:00,329.81,29856522
10/30/2023 16:00:00,337.31,22828082
10/31/2023 16:00:00,338.11,20265282
11-01-23,346.07,28158819
11-02-23,348.32,24348072
11-03-23,352.8,23637673
11-06-23,356.53,23828301
11-07-23,360.53,25833931
11-08-23,363.2,26767828
11-09-23,360.69,24847331
11-10-23,369.67,28065164
11/13/2023 16:00:00,366.68,19986506
11/14/2023 16:00:00,370.27,27683862
11/15/2023 16:00:00,369.67,26860095
11/16/2023 16:00:00,376.17,27182315
11/17/2023 16:00:00,369.85,40325371
11/20/2023 16:00:00,377.44,52528964
11/21/2023 16:00:00,373.07,28423145
11/22/2023 16:00:00,377.85,23361184
11/24/2023 13:05:00,377.43,10176649
11/27/2023 16:00:00,378.61,22179228
11/28/2023 16:00:00,382.7,20453112
11/29/2023 16:00:00,378.85,28963399
11/30/2023 16:00:00,378.91,30554415
12-01-23,374.51,33040472
12-04-23,369.14,32063305
12-05-23,372.52,23065035
12-06-23,368.8,21182072
12-07-23,370.95,23118864
12-08-23,374.23,20154366
12-11-23,371.3,27708757
12-12-23,374.38,24838253
12/13/2023 16:00:00,374.37,30955531
12/14/2023 16:00:00,365.93,43277461
12/15/2023 16:00:00,370.73,78502324
12/18/2023 16:00:00,372.65,21802878
12/19/2023 16:00:00,373.26,20603658
12/20/2023 16:00:00,370.62,26316650
12/21/2023 16:00:00,373.54,17708006
12/22/2023 16:00:00,374.58,17107484
12/26/2023 16:00:00,374.66,12673050
12/27/2023 16:00:00,374.07,14905412
12/28/2023 16:00:00,375.28,14327013
12/29/2023 16:00:00,376.04,18730838
01-02-24,370.87,25258633
01-03-24,370.6,23083465
01-04-24,367.94,20901502
01-05-24,367.75,21004575
01-08-24,374.69,23133967
01-09-24,375.79,20829953
01-10-24,382.77,25514245
01-11-24,384.63,27850846
01-12-24,388.47,21661153
1/16/2024 16:00:00,390.27,27202268
1/17/2024 16:00:00,389.47,22234108
1/18/2024 16:00:00,393.87,23392068
1/19/2024 16:00:00,398.67,29331136
1/22/2024 16:00:00,396.51,27016902
1/23/2024 16:00:00,398.9,20525882
1/24/2024 16:00:00,402.56,24866953
1/25/2024 16:00:00,404.87,21021155
1/26/2024 16:00:00,403.93,17803271
1/29/2024 16:00:00,409.72,24510236
1/30/2024 16:00:00,408.59,33477610
1/31/2024 16:00:00,397.58,47871097
02-01-24,403.78,30657726
02-02-24,411.22,28256670
02-05-24,405.65,25352286
02-06-24,405.49,18382624
02-07-24,414.05,22340526
02-08-24,414.11,21225257
02-09-24,420.55,22032844
02-12-24,415.26,21202921
2/13/2024 16:00:00,406.32,27824936
2/14/2024 16:00:00,409.49,20401190
2/15/2024 16:00:00,406.56,21825525
2/16/2024 16:00:00,404.06,22296495
2/20/2024 16:00:00,402.79,24307915
2/21/2024 16:00:00,402.18,18631072
2/22/2024 16:00:00,411.65,27009869
2/23/2024 16:00:00,410.34,16295879
2/26/2024 16:00:00,407.54,16193505
2/27/2024 16:00:00,407.48,14835827
2/28/2024 16:00:00,407.72,13183125
2/29/2024 16:00:00,413.64,31947263
03-01-24,415.5,17823445
03-04-24,414.92,17595956
03-05-24,402.65,26919177
03-06-24,402.09,22344149
03-07-24,409.14,18718479
03-08-24,406.22,18002186
03-11-24,404.52,16120752
03-12-24,415.28,22457003
3/13/2024 16:00:00,415.1,17115931
3/14/2024 16:00:00,425.22,34157299
3/15/2024 16:00:00,416.42,45079903
3/18/2024 16:00:00,417.32,20105977
3/19/2024 16:00:00,421.41,19837915
3/20/2024 16:00:00,425.23,17860085
3/21/2024 16:00:00,429.37,21296222
3/22/2024 16:00:00,428.74,17648473
3/25/2024 16:00:00,422.86,18060450
3/26/2024 16:00:00,421.65,16725647
3/27/2024 16:00:00,421.43,16704978
3/28/2024 16:00:00,420.72,21871161
04-01-24,424.57,16315961
04-02-24,421.44,17911992
04-03-24,420.45,16502264
04-04-24,417.88,19370875
04-05-24,425.52,16554761
04-08-24,424.59,14272387
04-09-24,426.28,12512289
04-10-24,423.26,16216581
04-11-24,427.93,17966423
04-12-24,421.9,19253750
4/15/2024 16:00:00,413.64,20273538
4/16/2024 16:00:00,414.58,16765616
4/17/2024 16:00:00,411.84,15855485
4/18/2024 16:00:00,404.27,21029917
4/19/2024 16:00:00,399.12,30565789
4/22/2024 16:00:00,400.96,20286875
4/23/2024 16:00:00,407.57,15734501
4/24/2024 16:00:00,409.06,15065330
4/25/2024 16:00:00,399.04,40586450
4/26/2024 16:00:00,406.32,29694654
4/29/2024 16:00:00,402.25,19582091
4/30/2024 16:00:00,389.33,28781374
05-01-24,394.94,23562481
05-02-24,397.84,17709364
05-03-24,406.66,17446724
05-06-24,413.54,16996639
05-07-24,409.34,20018228
05-08-24,410.54,11792308
05-09-24,412.32,14689727
05-10-24,414.74,13402281
5/13/2024 16:00:00,413.72,15440226
5/14/2024 16:00:00,416.56,15109306
5/15/2024 16:00:00,423.08,22239533
5/16/2024 16:00:00,420.99,17530050
5/17/2024 16:00:00,420.21,15352239
5/20/2024 16:00:00,425.34,16272137
5/21/2024 16:00:00,429.04,21453255
5/22/2024 16:00:00,430.52,18073698
5/23/2024 16:00:00,427,17211689
5/24/2024 16:00:00,430.16,11855285
5/28/2024 16:00:00,430.32,15718024
5/29/2024 16:00:00,429.17,15517130
5/30/2024 16:00:00,414.67,28424847
5/31/2024 16:00:00,415.13,47995250
06-03-24,413.52,17484675
06-04-24,416.07,14348917
06-05-24,424.01,16988038
06-06-24,424.52,14861251
06-07-24,423.85,13621650
06-10-24,427.87,14003034
06-11-24,432.68,14551101
06-12-24,441.06,22366233
6/13/2024 16:00:00,441.58,15960565
6/14/2024 16:00:00,442.57,13581985
6/17/2024 16:00:00,448.37,20790030
6/18/2024 16:00:00,446.34,17112504
6/20/2024 16:00:00,445.7,19877378
6/21/2024 16:00:00,449.78,34486172
6/24/2024 16:00:00,447.67,15913719
6/25/2024 16:00:00,450.95,16747529
6/26/2024 16:00:00,452.16,16507030
6/27/2024 16:00:00,452.85,14806324
6/28/2024 16:00:00,446.95,28362271
07-01-24,456.73,17662818
07-02-24,459.28,13979779
07-03-24,460.77,9932830
07-05-24,467.56,16000290
07-08-24,466.24,12962321
07-09-24,459.54,17228507
07-10-24,466.25,18196100
07-11-24,454.7,23111175
07-12-24,453.55,16324274
7/15/2024 16:00:00,453.96,14429447
7/16/2024 16:00:00,449.52,17175679
7/17/2024 16:00:00,443.52,21754021
7/18/2024 16:00:00,440.37,20794822
7/19/2024 16:00:00,437.11,20940417
7/22/2024 16:00:00,442.94,15808755
7/23/2024 16:00:00,444.85,13107050
7/24/2024 16:00:00,428.9,26805800
7/25/2024 16:00:00,418.4,29943795
7/26/2024 16:00:00,425.27,23583839
7/29/2024 16:00:00,426.73,15125836
7/30/2024 16:00:00,422.92,32687578
7/31/2024 16:00:00,418.35,42891366
08-01-24,417.11,30296400
08-02-24,408.49,29437900
08-05-24,395.15,40709238
08-06-24,399.61,24946525
08-07-24,398.43,20650906
08-08-24,402.69,20203030
08-09-24,406.02,19276666
08-12-24,406.81,16762883
8/13/2024 16:00:00,414.01,19414271
8/14/2024 16:00:00,416.86,18266980
8/15/2024 16:00:00,421.03,20752144
8/16/2024 16:00:00,418.47,22775593
8/19/2024 16:00:00,421.53,15233957
8/20/2024 16:00:00,424.8,16387581
8/21/2024 16:00:00,424.14,16067298
8/22/2024 16:00:00,415.55,19361901
8/23/2024 16:00:00,416.79,18493784
8/26/2024 16:00:00,413.49,13152830
8/27/2024 16:00:00,413.84,13492911
8/28/2024 16:00:00,410.6,14882660
8/29/2024 16:00:00,413.12,17045241
8/30/2024 16:00:00,417.14,24308324
09-03-24,409.44,20313603
09-04-24,408.9,15135806
09-05-24,408.39,14195516
09-06-24,401.7,19609526
09-09-24,405.72,15295134
09-10-24,414.2,19594287
09-11-24,423.04,19266923
09-12-24,427,17418759
9/13/2024 16:00:00,430.59,15874555
9/16/2024 16:00:00,431.34,13834697
9/17/2024 16:00:00,435.15,18874231
9/18/2024 16:00:00,430.81,18898042
9/19/2024 16:00:00,438.69,21706559
9/20/2024 16:00:00,435.27,55167106
9/23/2024 16:00:00,433.51,15128891
9/24/2024 16:00:00,429.17,17015754
9/25/2024 16:00:00,432.11,13396364
9/26/2024 16:00:00,431.31,14492044
9/27/2024 16:00:00,428.02,14896131
9/30/2024 16:00:00,430.3,16854606
10-01-24,420.69,19092945
10-02-24,417.13,16582257
10-03-24,416.54,13686421
10-04-24,416.06,19190913
10-07-24,409.54,20919761
10-08-24,414.71,19229261
10-09-24,417.46,14974257
10-10-24,415.84,13848376
10-11-24,416.32,14144944
10/14/2024 16:00:00,419.14,16653086
10/15/2024 16:00:00,418.74,18900201
10/16/2024 16:00:00,416.12,15508932
10/17/2024 16:00:00,416.72,14820004
10/18/2024 16:00:00,418.16,17145317
10/21/2024 16:00:00,418.78,14206115
10/22/2024 16:00:00,427.51,25482197
10/23/2024 16:00:00,424.6,19654379
10/24/2024 16:00:00,424.73,13581631
10/25/2024 16:00:00,428.15,16899064
10/28/2024 16:00:00,426.59,14882444
10/29/2024 16:00:00,431.95,17644080
10/30/2024 16:00:00,432.53,29749149
10/31/2024 16:00:00,406.35,53970981
11-01-24,410.37,24230442
11-04-24,408.46,19672286
11-05-24,411.46,17626011
11-06-24,420.18,26681842
11-07-24,425.43,19901782
11-08-24,422.54,16891414
11-11-24,418.01,24503321
11-12-24,423.03,19401204
11/13/2024 16:00:00,425.2,21502185
11/14/2024 16:00:00,426.89,30246881
11/15/2024 16:00:00,415,28247644
11/18/2024 16:00:00,415.76,24742013
11/19/2024 16:00:00,417.79,18133529
11/20/2024 16:00:00,415.49,19191655
11/21/2024 16:00:00,412.87,20780162
11/22/2024 16:00:00,417,24814626
11/25/2024 16:00:00,418.79,27691090
11/26/2024 16:00:00,427.99,23458889
11/27/2024 16:00:00,422.99,18332444
11/29/2024 13:05:00,423.46,16271921
12-02-24,430.98,20207223
12-03-24,431.2,18301987
12-04-24,437.42,26009429
12-05-24,442.62,21697775
12-06-24,443.57,18821002
12-09-24,446.02,19144388
12-10-24,443.33,18469459
12-11-24,448.99,19200208
12-12-24,449.56,20834779
12/13/2024 16:00:00,447.27,20177833
12/16/2024 16:00:00,451.59,23598834
12/17/2024 16:00:00,454.46,22733494
12/18/2024 16:00:00,437.39,24444545
12/19/2024 16:00:00,437.03,22963681
12/20/2024 16:00:00,436.6,64263694
12/23/2024 16:00:00,435.25,19152519
12/24/2024 13:05:00,439.33,7164543
12/26/2024 16:00:00,438.11,8199927
12/27/2024 16:00:00,430.53,18117713
12/30/2024 16:00:00,424.83,13158703
12/31/2024 16:00:00,421.5,13246509
01-02-25,418.58,16896469
01-03-25,423.35,16662943
01-06-25,427.85,20573648
01-07-25,422.37,18139065
01-08-25,424.56,15054575
01-10-25,418.95,20201132
1/13/2025 16:00:00,417.19,17604780
1/14/2025 16:00:00,415.67,16935856
1/15/2025 16:00:00,426.31,19637838
1/16/2025 16:00:00,424.58,15300023
1/17/2025 16:00:00,429.03,26197507
1/21/2025 16:00:00,428.5,26085703
1/22/2025 16:00:00,446.2,27803811
1/23/2025 16:00:00,446.71,18389270
1/24/2025 16:00:00,444.06,15549453
1/27/2025 16:00:00,434.56,35647805
1/28/2025 16:00:00,447.2,23491703
1/29/2025 16:00:00,442.33,23581370
1/30/2025 16:00:00,414.99,54586260
1/31/2025 16:00:00,415.06,34223388
02-03-25,410.92,25679149
02-04-25,412.37,20532096
02-05-25,413.29,16336188
02-06-25,415.82,16309755
02-07-25,409.75,22886844
02-10-25,412.22,20817919
02-11-25,411.44,18140592
02-12-25,409.04,19121734
2/13/2025 16:00:00,410.54,23891731
2/14/2025 16:00:00,408.43,22758464
2/18/2025 16:00:00,409.64,21423051
2/19/2025 16:00:00,414.77,24114197
2/20/2025 16:00:00,416.13,23508728
2/21/2025 16:00:00,408.21,27524799
2/24/2025 16:00:00,404,26443656
2/25/2025 16:00:00,397.9,29387402
2/26/2025 16:00:00,399.73,19618954
2/27/2025 16:00:00,392.53,21127406
2/28/2025 16:00:00,396.99,32845658
03-03-25,388.49,23007726
03-04-25,388.61,29342923
03-05-25,401.02,23433132
03-06-25,396.89,23304625
03-07-25,393.31,22034087
03-10-25,380.16,32840134
03-11-25,380.45,30380177
03-12-25,383.27,24253567
3/13/2025 16:00:00,378.77,20473017
3/14/2025 16:00:00,388.56,19952846
3/17/2025 16:00:00,388.7,22474272
3/18/2025 16:00:00,383.52,19486850
3/19/2025 16:00:00,387.82,19185532
3/20/2025 16:00:00,386.84,18470542
3/21/2025 16:00:00,391.26,39675928
3/24/2025 16:00:00,393.08,21004548
3/25/2025 16:00:00,395.16,15774968
3/26/2025 16:00:00,389.97,16132906
3/27/2025 16:00:00,390.58,13766761
3/28/2025 16:00:00,378.8,21632016
3/31/2025 16:00:00,375.39,35184676
04-01-25,382.19,19689503
04-02-25,382.14,16092555
04-03-25,373.11,30197997
04-04-25,359.84,49209854
04-07-25,357.86,50424998
04-08-25,354.56,35868918
04-09-25,390.49,50199696
04-10-25,381.35,38024368
04-11-25,388.45,23839220
4/14/2025 16:00:00,387.81,19251172
4/15/2025 16:00:00,385.73,17199890
4/16/2025 16:00:00,371.61,21967826
4/17/2025 16:00:00,367.78,21120192
4/21/2025 16:00:00,359.12,20807279
4/22/2025 16:00:00,366.82,19484993
4/23/2025 16:00:00,374.39,20545526
4/24/2025 16:00:00,387.3,22232289
4/25/2025 16:00:00,391.85,18973165
4/28/2025 16:00:00,391.16,16579430
4/29/2025 16:00:00,394.04,14973976
4/30/2025 16:00:00,395.26,36461075
05-01-25,425.4,58938100
05-02-25,435.28,30757434
05-05-25,436.17,20136053
05-06-25,433.31,15104204
05-07-25,433.35,23307241
05-08-25,438.17,23491330
05-09-25,438.73,15324233
05-12-25,449.26,22821935
5/13/2025 16:00:00,449.14,23618819
5/14/2025 16:00:00,452.94,19902796
5/15/2025 16:00:00,453.13,21992323
5/16/2025 16:00:00,454.27,23849781
5/19/2025 16:00:00,458.87,21336509
5/20/2025 16:00:00,458.17,15441808
5/21/2025 16:00:00,452.57,19216906
5/22/2025 16:00:00,454.86,18025612
5/23/2025 16:00:00,450.18,16883509
5/27/2025 16:00:00,460.69,20974293
5/28/2025 16:00:00,457.36,17086261
5/29/2025 16:00:00,458.68,13982211
5/30/2025 16:00:00,460.36,34770475
06-02-25,461.97,16626495
06-03-25,462.97,15743760
06-04-25,463.87,14162688
06-05-25,467.68,20154460
06-06-25,470.38,15285624
06-09-25,472.75,16469932
06-10-25,470.92,15375944
06-11-25,472.62,16399176
06-12-25,478.87,18950582
6/13/2025 16:00:00,474.96,16814456
6/16/2025 16:00:00,479.14,15626104
6/17/2025 16:00:00,478.04,15414128
6/18/2025 16:00:00,480.24,17526452
6/20/2025 16:00:00,477.4,37576206
6/23/2025 16:00:00,486,24863952
6/24/2025 16:00:00,490.11,22305642
6/25/2025 16:00:00,492.27,17495099
6/26/2025 16:00:00,497.45,21578853
6/27/2025 16:00:00,497.45,295133
6/30/2025 16:00:00,497.41,28368991
